[0.000000] (-) TimerEvent: {}
[0.000440] (diff_drive_fusion) JobQueued: {'identifier': 'diff_drive_fusion', 'dependencies': OrderedDict()}
[0.000759] (sllidar_ros2) JobQueued: {'identifier': 'sllidar_ros2', 'dependencies': OrderedDict()}
[0.001310] (diff_drive_fusion) JobStarted: {'identifier': 'diff_drive_fusion'}
[0.017380] (sllidar_ros2) JobStarted: {'identifier': 'sllidar_ros2'}
[0.099440] (-) TimerEvent: {}
[0.200106] (-) TimerEvent: {}
[0.300821] (-) TimerEvent: {}
[0.401667] (-) TimerEvent: {}
[0.502485] (-) TimerEvent: {}
[0.590046] (sllidar_ros2) JobProgress: {'identifier': 'sllidar_ros2', 'progress': 'cmake'}
[0.591566] (sllidar_ros2) Command: {'cmd': ['/usr/bin/cmake', '/home/marlboro/ws_diff_drive/src/sllidar_ros2', '-DAMENT_CMAKE_SYMLINK_INSTALL=1', '-DCMAKE_INSTALL_PREFIX=/home/marlboro/ws_diff_drive/install/sllidar_ros2'], 'cwd': '/home/marlboro/ws_diff_drive/build/sllidar_ros2', 'env': OrderedDict([('LESSOPEN', '| /usr/bin/lesspipe %s'), ('USER', 'marlboro'), ('SSH_CLIENT', '192.168.0.81 58210 22'), ('XDG_SESSION_TYPE', 'tty'), ('GIT_ASKPASS', '/home/marlboro/.vscode-server/cli/servers/Stable-7d842fb85a0275a4a8e4d7e040d2625abbf7f084/server/extensions/git/dist/askpass.sh'), ('SHLVL', '2'), ('LD_LIBRARY_PATH', '/opt/ros/humble/opt/rviz_ogre_vendor/lib:/opt/ros/humble/lib/aarch64-linux-gnu:/opt/ros/humble/lib:/usr/local/cuda-12.6/lib64:/usr/local/cuda-12.6/lib64:'), ('BROWSER', '/home/marlboro/.vscode-server/cli/servers/Stable-7d842fb85a0275a4a8e4d7e040d2625abbf7f084/server/bin/helpers/browser.sh'), ('MOTD_SHOWN', 'pam'), ('HOME', '/home/marlboro'), ('OLDPWD', '/home/marlboro/ws_diff_drive'), ('TERM_PROGRAM_VERSION', '1.105.1'), ('VSCODE_IPC_HOOK_CLI', '/run/user/1000/vscode-ipc-c63a3b52-51b2-43a8-bbb7-8ebae25fa0a2.sock'), ('JETSON_L4T', '36.4.4'), ('ROS_PYTHON_VERSION', '3'), ('JETSON_MODEL', 'NVIDIA Jetson Orin Nano Engineering Reference Developer Kit Super'), ('VSCODE_GIT_ASKPASS_MAIN', '/home/marlboro/.vscode-server/cli/servers/Stable-7d842fb85a0275a4a8e4d7e040d2625abbf7f084/server/extensions/git/dist/askpass-main.js'), ('VSCODE_GIT_ASKPASS_NODE', '/home/marlboro/.vscode-server/cli/servers/Stable-7d842fb85a0275a4a8e4d7e040d2625abbf7f084/server/node'), ('SSL_CERT_FILE', '/usr/lib/ssl/certs/ca-certificates.crt'), ('VSCODE_PYTHON_AUTOACTIVATE_GUARD', '1'), ('DBUS_SESSION_BUS_ADDRESS', 'unix:path=/run/user/1000/bus'), ('COLORTERM', 'truecolor'), ('COLCON_PREFIX_PATH', '/home/marlboro/ws_diff_drive/install'), ('ROS_DISTRO', 'humble'), ('LOGNAME', 'marlboro'), ('JETSON_MODULE', 'NVIDIA Jetson Orin Nano (Developer kit)'), ('JETSON_SERIAL_NUMBER', '1421323037359'), ('_', '/usr/bin/colcon'), ('ROS_VERSION', '2'), ('XDG_SESSION_CLASS', 'user'), ('TERM', 'xterm-256color'), ('XDG_SESSION_ID', '4'), ('ROS_LOCALHOST_ONLY', '0'), ('PATH', '/opt/ros/humble/bin:/usr/local/cuda-12.6/bin:/home/marlboro/.vscode-server/cli/servers/Stable-7d842fb85a0275a4a8e4d7e040d2625abbf7f084/server/bin/remote-cli:/usr/local/cuda-12.6/bin:/usr/local/sbin:/usr/local/bin:/usr/sbin:/usr/bin:/sbin:/bin:/usr/games:/usr/local/games:/snap/bin:/home/marlboro/.vscode-server/data/User/globalStorage/github.copilot-chat/debugCommand'), ('XDG_RUNTIME_DIR', '/run/user/1000'), ('SSL_CERT_DIR', '/usr/lib/ssl/certs'), ('LANG', 'en_US.UTF-8'), ('LS_COLORS', 'rs=0:di=01;34:ln=01;36:mh=00:pi=40;33:so=01;35:do=01;35:bd=40;33;01:cd=40;33;01:or=40;31;01:mi=00:su=37;41:sg=30;43:ca=30;41:tw=30;42:ow=34;42:st=37;44:ex=01;32:*.tar=01;31:*.tgz=01;31:*.arc=01;31:*.arj=01;31:*.taz=01;31:*.lha=01;31:*.lz4=01;31:*.lzh=01;31:*.lzma=01;31:*.tlz=01;31:*.txz=01;31:*.tzo=01;31:*.t7z=01;31:*.zip=01;31:*.z=01;31:*.dz=01;31:*.gz=01;31:*.lrz=01;31:*.lz=01;31:*.lzo=01;31:*.xz=01;31:*.zst=01;31:*.tzst=01;31:*.bz2=01;31:*.bz=01;31:*.tbz=01;31:*.tbz2=01;31:*.tz=01;31:*.deb=01;31:*.rpm=01;31:*.jar=01;31:*.war=01;31:*.ear=01;31:*.sar=01;31:*.rar=01;31:*.alz=01;31:*.ace=01;31:*.zoo=01;31:*.cpio=01;31:*.7z=01;31:*.rz=01;31:*.cab=01;31:*.wim=01;31:*.swm=01;31:*.dwm=01;31:*.esd=01;31:*.jpg=01;35:*.jpeg=01;35:*.mjpg=01;35:*.mjpeg=01;35:*.gif=01;35:*.bmp=01;35:*.pbm=01;35:*.pgm=01;35:*.ppm=01;35:*.tga=01;35:*.xbm=01;35:*.xpm=01;35:*.tif=01;35:*.tiff=01;35:*.png=01;35:*.svg=01;35:*.svgz=01;35:*.mng=01;35:*.pcx=01;35:*.mov=01;35:*.mpg=01;35:*.mpeg=01;35:*.m2v=01;35:*.mkv=01;35:*.webm=01;35:*.webp=01;35:*.ogm=01;35:*.mp4=01;35:*.m4v=01;35:*.mp4v=01;35:*.vob=01;35:*.qt=01;35:*.nuv=01;35:*.wmv=01;35:*.asf=01;35:*.rm=01;35:*.rmvb=01;35:*.flc=01;35:*.avi=01;35:*.fli=01;35:*.flv=01;35:*.gl=01;35:*.dl=01;35:*.xcf=01;35:*.xwd=01;35:*.yuv=01;35:*.cgm=01;35:*.emf=01;35:*.ogv=01;35:*.ogx=01;35:*.aac=00;36:*.au=00;36:*.flac=00;36:*.m4a=00;36:*.mid=00;36:*.midi=00;36:*.mka=00;36:*.mp3=00;36:*.mpc=00;36:*.ogg=00;36:*.ra=00;36:*.wav=00;36:*.oga=00;36:*.opus=00;36:*.spx=00;36:*.xspf=00;36:'), ('JETSON_SOC', 'tegra234'), ('VSCODE_GIT_IPC_HANDLE', '/run/user/1000/vscode-git-83e1a1b476.sock'), ('TERM_PROGRAM', 'vscode'), ('ROS_DOMAIN_ID', '0'), ('AMENT_PREFIX_PATH', '/home/marlboro/ws_diff_drive/install/sllidar_ros2:/home/marlboro/ws_diff_drive/install/diff_drive_fusion:/opt/ros/humble'), ('SHELL', '/bin/bash'), ('LESSCLOSE', '/usr/bin/lesspipe %s %s'), ('VSCODE_GIT_ASKPASS_EXTRA_ARGS', ''), ('JETSON_CUDA_ARCH_BIN', '8.7'), ('PWD', '/home/marlboro/ws_diff_drive/build/sllidar_ros2'), ('LC_ALL', 'en_US.UTF-8'), ('SSH_CONNECTION', '192.168.0.81 58210 192.168.0.102 22'), ('XDG_DATA_DIRS', '/usr/share/gnome:/usr/local/share:/usr/share:/var/lib/snapd/desktop'), ('PYTHONPATH', '/home/marlboro/ws_diff_drive/build/diff_drive_fusion:/home/marlboro/ws_diff_drive/install/diff_drive_fusion/lib/python3.10/site-packages:/opt/ros/humble/lib/python3.10/site-packages:/opt/ros/humble/local/lib/python3.10/dist-packages'), ('COLCON', '1'), ('JETSON_JETPACK', '6.2.1'), ('CMAKE_PREFIX_PATH', '/home/marlboro/ws_diff_drive/install/sllidar_ros2:/home/marlboro/ws_diff_drive/install/diff_drive_fusion:/opt/ros/humble'), ('JETSON_P_NUMBER', 'p3767-0005')]), 'shell': False}
[0.603187] (-) TimerEvent: {}
[0.703821] (-) TimerEvent: {}
[0.713479] (sllidar_ros2) StdoutLine: {'line': b'-- The C compiler identification is GNU 11.4.0\n'}
[0.803995] (-) TimerEvent: {}
[0.827209] (sllidar_ros2) StdoutLine: {'line': b'-- The CXX compiler identification is GNU 11.4.0\n'}
[0.842595] (sllidar_ros2) StdoutLine: {'line': b'-- Detecting C compiler ABI info\n'}
[0.904161] (-) TimerEvent: {}
[0.991677] (sllidar_ros2) StdoutLine: {'line': b'-- Detecting C compiler ABI info - done\n'}
[1.004317] (-) TimerEvent: {}
[1.009300] (sllidar_ros2) StdoutLine: {'line': b'-- Check for working C compiler: /usr/bin/cc - skipped\n'}
[1.010082] (sllidar_ros2) StdoutLine: {'line': b'-- Detecting C compile features\n'}
[1.012087] (sllidar_ros2) StdoutLine: {'line': b'-- Detecting C compile features - done\n'}
[1.018688] (sllidar_ros2) StdoutLine: {'line': b'-- Detecting CXX compiler ABI info\n'}
[1.104481] (-) TimerEvent: {}
[1.186449] (sllidar_ros2) StdoutLine: {'line': b'-- Detecting CXX compiler ABI info - done\n'}
[1.203937] (sllidar_ros2) StdoutLine: {'line': b'-- Check for working CXX compiler: /usr/bin/c++ - skipped\n'}
[1.204544] (-) TimerEvent: {}
[1.205237] (sllidar_ros2) StdoutLine: {'line': b'-- Detecting CXX compile features\n'}
[1.205789] (sllidar_ros2) StdoutLine: {'line': b'-- Detecting CXX compile features - done\n'}
[1.213522] (sllidar_ros2) StdoutLine: {'line': b'-- Found ament_cmake: 1.3.12 (/opt/ros/humble/share/ament_cmake/cmake)\n'}
[1.304769] (-) TimerEvent: {}
[1.376378] (diff_drive_fusion) Command: {'cmd': ['/usr/bin/python3', '-W', 'ignore:setup.py install is deprecated', '-W', 'ignore:easy_install command is deprecated', 'setup.py', 'develop', '--editable', '--build-directory', '/home/marlboro/ws_diff_drive/build/diff_drive_fusion/build', '--no-deps', 'symlink_data'], 'cwd': '/home/marlboro/ws_diff_drive/build/diff_drive_fusion', 'env': {'LESSOPEN': '| /usr/bin/lesspipe %s', 'USER': 'marlboro', 'SSH_CLIENT': '192.168.0.81 58210 22', 'XDG_SESSION_TYPE': 'tty', 'GIT_ASKPASS': '/home/marlboro/.vscode-server/cli/servers/Stable-7d842fb85a0275a4a8e4d7e040d2625abbf7f084/server/extensions/git/dist/askpass.sh', 'SHLVL': '2', 'LD_LIBRARY_PATH': '/opt/ros/humble/opt/rviz_ogre_vendor/lib:/opt/ros/humble/lib/aarch64-linux-gnu:/opt/ros/humble/lib:/usr/local/cuda-12.6/lib64:/usr/local/cuda-12.6/lib64:', 'BROWSER': '/home/marlboro/.vscode-server/cli/servers/Stable-7d842fb85a0275a4a8e4d7e040d2625abbf7f084/server/bin/helpers/browser.sh', 'MOTD_SHOWN': 'pam', 'HOME': '/home/marlboro', 'OLDPWD': '/home/marlboro/ws_diff_drive', 'TERM_PROGRAM_VERSION': '1.105.1', 'VSCODE_IPC_HOOK_CLI': '/run/user/1000/vscode-ipc-c63a3b52-51b2-43a8-bbb7-8ebae25fa0a2.sock', 'JETSON_L4T': '36.4.4', 'ROS_PYTHON_VERSION': '3', 'JETSON_MODEL': 'NVIDIA Jetson Orin Nano Engineering Reference Developer Kit Super', 'VSCODE_GIT_ASKPASS_MAIN': '/home/marlboro/.vscode-server/cli/servers/Stable-7d842fb85a0275a4a8e4d7e040d2625abbf7f084/server/extensions/git/dist/askpass-main.js', 'VSCODE_GIT_ASKPASS_NODE': '/home/marlboro/.vscode-server/cli/servers/Stable-7d842fb85a0275a4a8e4d7e040d2625abbf7f084/server/node', 'SSL_CERT_FILE': '/usr/lib/ssl/certs/ca-certificates.crt', 'VSCODE_PYTHON_AUTOACTIVATE_GUARD': '1', 'DBUS_SESSION_BUS_ADDRESS': 'unix:path=/run/user/1000/bus', 'COLORTERM': 'truecolor', 'COLCON_PREFIX_PATH': '/home/marlboro/ws_diff_drive/install', 'ROS_DISTRO': 'humble', 'LOGNAME': 'marlboro', 'JETSON_MODULE': 'NVIDIA Jetson Orin Nano (Developer kit)', 'JETSON_SERIAL_NUMBER': '1421323037359', '_': '/usr/bin/colcon', 'ROS_VERSION': '2', 'XDG_SESSION_CLASS': 'user', 'TERM': 'xterm-256color', 'XDG_SESSION_ID': '4', 'ROS_LOCALHOST_ONLY': '0', 'PATH': '/opt/ros/humble/bin:/usr/local/cuda-12.6/bin:/home/marlboro/.vscode-server/cli/servers/Stable-7d842fb85a0275a4a8e4d7e040d2625abbf7f084/server/bin/remote-cli:/usr/local/cuda-12.6/bin:/usr/local/sbin:/usr/local/bin:/usr/sbin:/usr/bin:/sbin:/bin:/usr/games:/usr/local/games:/snap/bin:/home/marlboro/.vscode-server/data/User/globalStorage/github.copilot-chat/debugCommand', 'XDG_RUNTIME_DIR': '/run/user/1000', 'SSL_CERT_DIR': '/usr/lib/ssl/certs', 'LANG': 'en_US.UTF-8', 'LS_COLORS': 'rs=0:di=01;34:ln=01;36:mh=00:pi=40;33:so=01;35:do=01;35:bd=40;33;01:cd=40;33;01:or=40;31;01:mi=00:su=37;41:sg=30;43:ca=30;41:tw=30;42:ow=34;42:st=37;44:ex=01;32:*.tar=01;31:*.tgz=01;31:*.arc=01;31:*.arj=01;31:*.taz=01;31:*.lha=01;31:*.lz4=01;31:*.lzh=01;31:*.lzma=01;31:*.tlz=01;31:*.txz=01;31:*.tzo=01;31:*.t7z=01;31:*.zip=01;31:*.z=01;31:*.dz=01;31:*.gz=01;31:*.lrz=01;31:*.lz=01;31:*.lzo=01;31:*.xz=01;31:*.zst=01;31:*.tzst=01;31:*.bz2=01;31:*.bz=01;31:*.tbz=01;31:*.tbz2=01;31:*.tz=01;31:*.deb=01;31:*.rpm=01;31:*.jar=01;31:*.war=01;31:*.ear=01;31:*.sar=01;31:*.rar=01;31:*.alz=01;31:*.ace=01;31:*.zoo=01;31:*.cpio=01;31:*.7z=01;31:*.rz=01;31:*.cab=01;31:*.wim=01;31:*.swm=01;31:*.dwm=01;31:*.esd=01;31:*.jpg=01;35:*.jpeg=01;35:*.mjpg=01;35:*.mjpeg=01;35:*.gif=01;35:*.bmp=01;35:*.pbm=01;35:*.pgm=01;35:*.ppm=01;35:*.tga=01;35:*.xbm=01;35:*.xpm=01;35:*.tif=01;35:*.tiff=01;35:*.png=01;35:*.svg=01;35:*.svgz=01;35:*.mng=01;35:*.pcx=01;35:*.mov=01;35:*.mpg=01;35:*.mpeg=01;35:*.m2v=01;35:*.mkv=01;35:*.webm=01;35:*.webp=01;35:*.ogm=01;35:*.mp4=01;35:*.m4v=01;35:*.mp4v=01;35:*.vob=01;35:*.qt=01;35:*.nuv=01;35:*.wmv=01;35:*.asf=01;35:*.rm=01;35:*.rmvb=01;35:*.flc=01;35:*.avi=01;35:*.fli=01;35:*.flv=01;35:*.gl=01;35:*.dl=01;35:*.xcf=01;35:*.xwd=01;35:*.yuv=01;35:*.cgm=01;35:*.emf=01;35:*.ogv=01;35:*.ogx=01;35:*.aac=00;36:*.au=00;36:*.flac=00;36:*.m4a=00;36:*.mid=00;36:*.midi=00;36:*.mka=00;36:*.mp3=00;36:*.mpc=00;36:*.ogg=00;36:*.ra=00;36:*.wav=00;36:*.oga=00;36:*.opus=00;36:*.spx=00;36:*.xspf=00;36:', 'JETSON_SOC': 'tegra234', 'VSCODE_GIT_IPC_HANDLE': '/run/user/1000/vscode-git-83e1a1b476.sock', 'TERM_PROGRAM': 'vscode', 'ROS_DOMAIN_ID': '0', 'AMENT_PREFIX_PATH': '/home/marlboro/ws_diff_drive/install/sllidar_ros2:/home/marlboro/ws_diff_drive/install/diff_drive_fusion:/opt/ros/humble', 'SHELL': '/bin/bash', 'LESSCLOSE': '/usr/bin/lesspipe %s %s', 'VSCODE_GIT_ASKPASS_EXTRA_ARGS': '', 'JETSON_CUDA_ARCH_BIN': '8.7', 'PWD': '/home/marlboro/ws_diff_drive/build/diff_drive_fusion', 'LC_ALL': 'en_US.UTF-8', 'SSH_CONNECTION': '192.168.0.81 58210 192.168.0.102 22', 'XDG_DATA_DIRS': '/usr/share/gnome:/usr/local/share:/usr/share:/var/lib/snapd/desktop', 'PYTHONPATH': '/home/marlboro/ws_diff_drive/build/diff_drive_fusion/prefix_override:/usr/lib/python3/dist-packages/colcon_core/task/python/colcon_distutils_commands:/home/marlboro/ws_diff_drive/install/diff_drive_fusion/lib/python3.10/site-packages:/home/marlboro/ws_diff_drive/build/diff_drive_fusion:/home/marlboro/ws_diff_drive/install/diff_drive_fusion/lib/python3.10/site-packages:/opt/ros/humble/lib/python3.10/site-packages:/opt/ros/humble/local/lib/python3.10/dist-packages', 'COLCON': '1', 'JETSON_JETPACK': '6.2.1', 'CMAKE_PREFIX_PATH': '/home/marlboro/ws_diff_drive/install/sllidar_ros2', 'JETSON_P_NUMBER': 'p3767-0005'}, 'shell': False}
[1.404932] (-) TimerEvent: {}
[1.505631] (-) TimerEvent: {}
[1.579607] (sllidar_ros2) StdoutLine: {'line': b'-- Found Python3: /usr/bin/python3 (found version "3.10.12") found components: Interpreter \n'}
[1.605769] (-) TimerEvent: {}
[1.706379] (-) TimerEvent: {}
[1.723519] (sllidar_ros2) StdoutLine: {'line': b'-- Override CMake install command with custom implementation using symlinks instead of copying resources\n'}
[1.800087] (sllidar_ros2) StdoutLine: {'line': b'-- Found rclcpp: 16.0.14 (/opt/ros/humble/share/rclcpp/cmake)\n'}
[1.806462] (-) TimerEvent: {}
[1.879462] (sllidar_ros2) StdoutLine: {'line': b'-- Found rosidl_generator_c: 3.1.7 (/opt/ros/humble/share/rosidl_generator_c/cmake)\n'}
[1.888305] (sllidar_ros2) StdoutLine: {'line': b'-- Found rosidl_adapter: 3.1.7 (/opt/ros/humble/share/rosidl_adapter/cmake)\n'}
[1.903558] (sllidar_ros2) StdoutLine: {'line': b'-- Found rosidl_generator_cpp: 3.1.7 (/opt/ros/humble/share/rosidl_generator_cpp/cmake)\n'}
[1.906572] (-) TimerEvent: {}
[1.926555] (sllidar_ros2) StdoutLine: {'line': b'-- Using all available rosidl_typesupport_c: rosidl_typesupport_fastrtps_c;rosidl_typesupport_introspection_c\n'}
[1.939271] (diff_drive_fusion) StdoutLine: {'line': b'running develop\n'}
[1.956356] (sllidar_ros2) StdoutLine: {'line': b'-- Using all available rosidl_typesupport_cpp: rosidl_typesupport_fastrtps_cpp;rosidl_typesupport_introspection_cpp\n'}
[2.006786] (-) TimerEvent: {}
[2.037016] (sllidar_ros2) StdoutLine: {'line': b'-- Found rmw_implementation_cmake: 6.1.2 (/opt/ros/humble/share/rmw_implementation_cmake/cmake)\n'}
[2.041858] (sllidar_ros2) StdoutLine: {'line': b'-- Found rmw_fastrtps_cpp: 6.2.9 (/opt/ros/humble/share/rmw_fastrtps_cpp/cmake)\n'}
[2.107115] (-) TimerEvent: {}
[2.196828] (sllidar_ros2) StdoutLine: {'line': b'-- Found OpenSSL: /usr/lib/aarch64-linux-gnu/libcrypto.so (found version "3.0.2")  \n'}
[2.207265] (-) TimerEvent: {}
[2.261336] (sllidar_ros2) StdoutLine: {'line': b'-- Found FastRTPS: /opt/ros/humble/include  \n'}
[2.289361] (diff_drive_fusion) StdoutLine: {'line': b'running egg_info\n'}
[2.289856] (diff_drive_fusion) StdoutLine: {'line': b'creating diff_drive_fusion.egg-info\n'}
[2.290118] (diff_drive_fusion) StdoutLine: {'line': b'writing diff_drive_fusion.egg-info/PKG-INFO\n'}
[2.290507] (diff_drive_fusion) StdoutLine: {'line': b'writing dependency_links to diff_drive_fusion.egg-info/dependency_links.txt\n'}
[2.290855] (diff_drive_fusion) StdoutLine: {'line': b'writing entry points to diff_drive_fusion.egg-info/entry_points.txt\n'}
[2.291098] (diff_drive_fusion) StdoutLine: {'line': b'writing requirements to diff_drive_fusion.egg-info/requires.txt\n'}
[2.291313] (diff_drive_fusion) StdoutLine: {'line': b'writing top-level names to diff_drive_fusion.egg-info/top_level.txt\n'}
[2.291794] (diff_drive_fusion) StdoutLine: {'line': b"writing manifest file 'diff_drive_fusion.egg-info/SOURCES.txt'\n"}
[2.295436] (diff_drive_fusion) StdoutLine: {'line': b"reading manifest file 'diff_drive_fusion.egg-info/SOURCES.txt'\n"}
[2.296620] (diff_drive_fusion) StdoutLine: {'line': b"writing manifest file 'diff_drive_fusion.egg-info/SOURCES.txt'\n"}
[2.299625] (diff_drive_fusion) StdoutLine: {'line': b'running build_ext\n'}
[2.300067] (diff_drive_fusion) StdoutLine: {'line': b'Creating /home/marlboro/ws_diff_drive/install/diff_drive_fusion/lib/python3.10/site-packages/diff-drive-fusion.egg-link (link to .)\n'}
[2.301743] (diff_drive_fusion) StdoutLine: {'line': b'Installing fusion_node script to /home/marlboro/ws_diff_drive/install/diff_drive_fusion/lib/diff_drive_fusion\n'}
[2.302323] (diff_drive_fusion) StdoutLine: {'line': b'\n'}
[2.302542] (diff_drive_fusion) StdoutLine: {'line': b'Installed /home/marlboro/ws_diff_drive/build/diff_drive_fusion\n'}
[2.302751] (diff_drive_fusion) StdoutLine: {'line': b'running symlink_data\n'}
[2.302926] (diff_drive_fusion) StdoutLine: {'line': b'creating /home/marlboro/ws_diff_drive/install/diff_drive_fusion/share/ament_index\n'}
[2.303082] (diff_drive_fusion) StdoutLine: {'line': b'creating /home/marlboro/ws_diff_drive/install/diff_drive_fusion/share/ament_index/resource_index\n'}
[2.303208] (diff_drive_fusion) StdoutLine: {'line': b'creating /home/marlboro/ws_diff_drive/install/diff_drive_fusion/share/ament_index/resource_index/packages\n'}
[2.303363] (diff_drive_fusion) StdoutLine: {'line': b'symbolically linking /home/marlboro/ws_diff_drive/build/diff_drive_fusion/resource/diff_drive_fusion -> /home/marlboro/ws_diff_drive/install/diff_drive_fusion/share/ament_index/resource_index/packages\n'}
[2.303531] (diff_drive_fusion) StdoutLine: {'line': b'symbolically linking /home/marlboro/ws_diff_drive/build/diff_drive_fusion/package.xml -> /home/marlboro/ws_diff_drive/install/diff_drive_fusion/share/diff_drive_fusion\n'}
[2.303728] (diff_drive_fusion) StdoutLine: {'line': b'creating /home/marlboro/ws_diff_drive/install/diff_drive_fusion/share/diff_drive_fusion/launch\n'}
[2.303942] (diff_drive_fusion) StdoutLine: {'line': b'symbolically linking /home/marlboro/ws_diff_drive/build/diff_drive_fusion/launch/lidar_slam.launch.py -> /home/marlboro/ws_diff_drive/install/diff_drive_fusion/share/diff_drive_fusion/launch\n'}
[2.304077] (diff_drive_fusion) StdoutLine: {'line': b'creating /home/marlboro/ws_diff_drive/install/diff_drive_fusion/share/diff_drive_fusion/config\n'}
[2.304197] (diff_drive_fusion) StdoutLine: {'line': b'symbolically linking /home/marlboro/ws_diff_drive/build/diff_drive_fusion/config/slam_toolbox.yaml -> /home/marlboro/ws_diff_drive/install/diff_drive_fusion/share/diff_drive_fusion/config\n'}
[2.307374] (-) TimerEvent: {}
[2.361148] (sllidar_ros2) StdoutLine: {'line': b"-- Using RMW implementation 'rmw_fastrtps_cpp' as default\n"}
[2.381645] (sllidar_ros2) StdoutLine: {'line': b'-- Looking for pthread.h\n'}
[2.386320] (diff_drive_fusion) CommandEnded: {'returncode': 0}
[2.407698] (-) TimerEvent: {}
[2.430540] (diff_drive_fusion) JobEnded: {'identifier': 'diff_drive_fusion', 'rc': 0}
[2.507902] (-) TimerEvent: {}
[2.541055] (sllidar_ros2) StdoutLine: {'line': b'-- Looking for pthread.h - found\n'}
[2.542052] (sllidar_ros2) StdoutLine: {'line': b'-- Performing Test CMAKE_HAVE_LIBC_PTHREAD\n'}
[2.608106] (-) TimerEvent: {}
[2.706376] (sllidar_ros2) StdoutLine: {'line': b'-- Performing Test CMAKE_HAVE_LIBC_PTHREAD - Success\n'}
[2.708214] (-) TimerEvent: {}
[2.708948] (sllidar_ros2) StdoutLine: {'line': b'-- Found Threads: TRUE  \n'}
[2.808463] (-) TimerEvent: {}
[2.819015] (sllidar_ros2) StdoutLine: {'line': b'-- Found sensor_msgs: 4.9.0 (/opt/ros/humble/share/sensor_msgs/cmake)\n'}
[2.877948] (sllidar_ros2) StdoutLine: {'line': b'-- Found std_srvs: 4.9.0 (/opt/ros/humble/share/std_srvs/cmake)\n'}
[2.908585] (-) TimerEvent: {}
[3.009610] (-) TimerEvent: {}
[3.052372] (sllidar_ros2) StdoutLine: {'line': b'-- Configuring done\n'}
[3.090249] (sllidar_ros2) StdoutLine: {'line': b'-- Generating done\n'}
[3.103828] (sllidar_ros2) StdoutLine: {'line': b'-- Build files have been written to: /home/marlboro/ws_diff_drive/build/sllidar_ros2\n'}
[3.109736] (-) TimerEvent: {}
[3.135560] (sllidar_ros2) CommandEnded: {'returncode': 0}
[3.137350] (sllidar_ros2) JobProgress: {'identifier': 'sllidar_ros2', 'progress': 'build'}
[3.139191] (sllidar_ros2) Command: {'cmd': ['/usr/bin/cmake', '--build', '/home/marlboro/ws_diff_drive/build/sllidar_ros2', '--', '-j6', '-l6'], 'cwd': '/home/marlboro/ws_diff_drive/build/sllidar_ros2', 'env': OrderedDict([('LESSOPEN', '| /usr/bin/lesspipe %s'), ('USER', 'marlboro'), ('SSH_CLIENT', '192.168.0.81 58210 22'), ('XDG_SESSION_TYPE', 'tty'), ('GIT_ASKPASS', '/home/marlboro/.vscode-server/cli/servers/Stable-7d842fb85a0275a4a8e4d7e040d2625abbf7f084/server/extensions/git/dist/askpass.sh'), ('SHLVL', '2'), ('LD_LIBRARY_PATH', '/opt/ros/humble/opt/rviz_ogre_vendor/lib:/opt/ros/humble/lib/aarch64-linux-gnu:/opt/ros/humble/lib:/usr/local/cuda-12.6/lib64:/usr/local/cuda-12.6/lib64:'), ('BROWSER', '/home/marlboro/.vscode-server/cli/servers/Stable-7d842fb85a0275a4a8e4d7e040d2625abbf7f084/server/bin/helpers/browser.sh'), ('MOTD_SHOWN', 'pam'), ('HOME', '/home/marlboro'), ('OLDPWD', '/home/marlboro/ws_diff_drive'), ('TERM_PROGRAM_VERSION', '1.105.1'), ('VSCODE_IPC_HOOK_CLI', '/run/user/1000/vscode-ipc-c63a3b52-51b2-43a8-bbb7-8ebae25fa0a2.sock'), ('JETSON_L4T', '36.4.4'), ('ROS_PYTHON_VERSION', '3'), ('JETSON_MODEL', 'NVIDIA Jetson Orin Nano Engineering Reference Developer Kit Super'), ('VSCODE_GIT_ASKPASS_MAIN', '/home/marlboro/.vscode-server/cli/servers/Stable-7d842fb85a0275a4a8e4d7e040d2625abbf7f084/server/extensions/git/dist/askpass-main.js'), ('VSCODE_GIT_ASKPASS_NODE', '/home/marlboro/.vscode-server/cli/servers/Stable-7d842fb85a0275a4a8e4d7e040d2625abbf7f084/server/node'), ('SSL_CERT_FILE', '/usr/lib/ssl/certs/ca-certificates.crt'), ('VSCODE_PYTHON_AUTOACTIVATE_GUARD', '1'), ('DBUS_SESSION_BUS_ADDRESS', 'unix:path=/run/user/1000/bus'), ('COLORTERM', 'truecolor'), ('COLCON_PREFIX_PATH', '/home/marlboro/ws_diff_drive/install'), ('ROS_DISTRO', 'humble'), ('LOGNAME', 'marlboro'), ('JETSON_MODULE', 'NVIDIA Jetson Orin Nano (Developer kit)'), ('JETSON_SERIAL_NUMBER', '1421323037359'), ('_', '/usr/bin/colcon'), ('ROS_VERSION', '2'), ('XDG_SESSION_CLASS', 'user'), ('TERM', 'xterm-256color'), ('XDG_SESSION_ID', '4'), ('ROS_LOCALHOST_ONLY', '0'), ('PATH', '/opt/ros/humble/bin:/usr/local/cuda-12.6/bin:/home/marlboro/.vscode-server/cli/servers/Stable-7d842fb85a0275a4a8e4d7e040d2625abbf7f084/server/bin/remote-cli:/usr/local/cuda-12.6/bin:/usr/local/sbin:/usr/local/bin:/usr/sbin:/usr/bin:/sbin:/bin:/usr/games:/usr/local/games:/snap/bin:/home/marlboro/.vscode-server/data/User/globalStorage/github.copilot-chat/debugCommand'), ('XDG_RUNTIME_DIR', '/run/user/1000'), ('SSL_CERT_DIR', '/usr/lib/ssl/certs'), ('LANG', 'en_US.UTF-8'), ('LS_COLORS', 'rs=0:di=01;34:ln=01;36:mh=00:pi=40;33:so=01;35:do=01;35:bd=40;33;01:cd=40;33;01:or=40;31;01:mi=00:su=37;41:sg=30;43:ca=30;41:tw=30;42:ow=34;42:st=37;44:ex=01;32:*.tar=01;31:*.tgz=01;31:*.arc=01;31:*.arj=01;31:*.taz=01;31:*.lha=01;31:*.lz4=01;31:*.lzh=01;31:*.lzma=01;31:*.tlz=01;31:*.txz=01;31:*.tzo=01;31:*.t7z=01;31:*.zip=01;31:*.z=01;31:*.dz=01;31:*.gz=01;31:*.lrz=01;31:*.lz=01;31:*.lzo=01;31:*.xz=01;31:*.zst=01;31:*.tzst=01;31:*.bz2=01;31:*.bz=01;31:*.tbz=01;31:*.tbz2=01;31:*.tz=01;31:*.deb=01;31:*.rpm=01;31:*.jar=01;31:*.war=01;31:*.ear=01;31:*.sar=01;31:*.rar=01;31:*.alz=01;31:*.ace=01;31:*.zoo=01;31:*.cpio=01;31:*.7z=01;31:*.rz=01;31:*.cab=01;31:*.wim=01;31:*.swm=01;31:*.dwm=01;31:*.esd=01;31:*.jpg=01;35:*.jpeg=01;35:*.mjpg=01;35:*.mjpeg=01;35:*.gif=01;35:*.bmp=01;35:*.pbm=01;35:*.pgm=01;35:*.ppm=01;35:*.tga=01;35:*.xbm=01;35:*.xpm=01;35:*.tif=01;35:*.tiff=01;35:*.png=01;35:*.svg=01;35:*.svgz=01;35:*.mng=01;35:*.pcx=01;35:*.mov=01;35:*.mpg=01;35:*.mpeg=01;35:*.m2v=01;35:*.mkv=01;35:*.webm=01;35:*.webp=01;35:*.ogm=01;35:*.mp4=01;35:*.m4v=01;35:*.mp4v=01;35:*.vob=01;35:*.qt=01;35:*.nuv=01;35:*.wmv=01;35:*.asf=01;35:*.rm=01;35:*.rmvb=01;35:*.flc=01;35:*.avi=01;35:*.fli=01;35:*.flv=01;35:*.gl=01;35:*.dl=01;35:*.xcf=01;35:*.xwd=01;35:*.yuv=01;35:*.cgm=01;35:*.emf=01;35:*.ogv=01;35:*.ogx=01;35:*.aac=00;36:*.au=00;36:*.flac=00;36:*.m4a=00;36:*.mid=00;36:*.midi=00;36:*.mka=00;36:*.mp3=00;36:*.mpc=00;36:*.ogg=00;36:*.ra=00;36:*.wav=00;36:*.oga=00;36:*.opus=00;36:*.spx=00;36:*.xspf=00;36:'), ('JETSON_SOC', 'tegra234'), ('VSCODE_GIT_IPC_HANDLE', '/run/user/1000/vscode-git-83e1a1b476.sock'), ('TERM_PROGRAM', 'vscode'), ('ROS_DOMAIN_ID', '0'), ('AMENT_PREFIX_PATH', '/home/marlboro/ws_diff_drive/install/sllidar_ros2:/home/marlboro/ws_diff_drive/install/diff_drive_fusion:/opt/ros/humble'), ('SHELL', '/bin/bash'), ('LESSCLOSE', '/usr/bin/lesspipe %s %s'), ('VSCODE_GIT_ASKPASS_EXTRA_ARGS', ''), ('JETSON_CUDA_ARCH_BIN', '8.7'), ('PWD', '/home/marlboro/ws_diff_drive/build/sllidar_ros2'), ('LC_ALL', 'en_US.UTF-8'), ('SSH_CONNECTION', '192.168.0.81 58210 192.168.0.102 22'), ('XDG_DATA_DIRS', '/usr/share/gnome:/usr/local/share:/usr/share:/var/lib/snapd/desktop'), ('PYTHONPATH', '/home/marlboro/ws_diff_drive/build/diff_drive_fusion:/home/marlboro/ws_diff_drive/install/diff_drive_fusion/lib/python3.10/site-packages:/opt/ros/humble/lib/python3.10/site-packages:/opt/ros/humble/local/lib/python3.10/dist-packages'), ('COLCON', '1'), ('JETSON_JETPACK', '6.2.1'), ('CMAKE_PREFIX_PATH', '/home/marlboro/ws_diff_drive/install/sllidar_ros2:/home/marlboro/ws_diff_drive/install/diff_drive_fusion:/opt/ros/humble'), ('JETSON_P_NUMBER', 'p3767-0005')]), 'shell': False}
[3.210579] (-) TimerEvent: {}
[3.246484] (sllidar_ros2) StdoutLine: {'line': b'[ 20%] \x1b[32mBuilding CXX object CMakeFiles/sllidar_node.dir/sdk/src/arch/linux/net_socket.cpp.o\x1b[0m\n'}
[3.247145] (sllidar_ros2) StdoutLine: {'line': b'[ 20%] \x1b[32mBuilding CXX object CMakeFiles/sllidar_node.dir/sdk/src/arch/linux/timer.cpp.o\x1b[0m\n'}
[3.247322] (sllidar_ros2) StdoutLine: {'line': b'[ 20%] \x1b[32mBuilding CXX object CMakeFiles/sllidar_node.dir/sdk/src/arch/linux/net_serial.cpp.o\x1b[0m\n'}
[3.250596] (sllidar_ros2) StdoutLine: {'line': b'[ 25%] \x1b[32mBuilding CXX object CMakeFiles/sllidar_client.dir/src/sllidar_client.cpp.o\x1b[0m\n'}
[3.253544] (sllidar_ros2) StdoutLine: {'line': b'[ 25%] \x1b[32mBuilding CXX object CMakeFiles/sllidar_node.dir/src/sllidar_node.cpp.o\x1b[0m\n'}
[3.277523] (sllidar_ros2) StdoutLine: {'line': b'[ 30%] \x1b[32mBuilding CXX object CMakeFiles/sllidar_node.dir/sdk/src/dataunpacker/dataunpacker.cpp.o\x1b[0m\n'}
[3.311332] (-) TimerEvent: {}
[3.412215] (-) TimerEvent: {}
[3.513014] (-) TimerEvent: {}
[3.613707] (-) TimerEvent: {}
[3.714422] (-) TimerEvent: {}
[3.815281] (-) TimerEvent: {}
[3.915982] (-) TimerEvent: {}
[4.018862] (-) TimerEvent: {}
[4.096722] (sllidar_ros2) StderrLine: {'line': b'In file included from \x1b[01m\x1b[K/home/marlboro/ws_diff_drive/src/sllidar_ros2/./sdk/include/rplidar_protocol.h:36\x1b[m\x1b[K,\n'}
[4.097915] (sllidar_ros2) StderrLine: {'line': b'                 from \x1b[01m\x1b[K/home/marlboro/ws_diff_drive/src/sllidar_ros2/./sdk/include/rplidar.h:39\x1b[m\x1b[K,\n'}
[4.098169] (sllidar_ros2) StderrLine: {'line': b'                 from \x1b[01m\x1b[K/home/marlboro/ws_diff_drive/src/sllidar_ros2/./sdk/src/sdkcommon.h:49\x1b[m\x1b[K,\n'}
[4.098322] (sllidar_ros2) StderrLine: {'line': b'                 from \x1b[01m\x1b[K/home/marlboro/ws_diff_drive/src/sllidar_ros2/sdk/src/arch/linux/net_socket.cpp:10\x1b[m\x1b[K:\n'}
[4.098452] (sllidar_ros2) StderrLine: {'line': b'\x1b[01m\x1b[K/home/marlboro/ws_diff_drive/src/sllidar_ros2/./sdk/include/sl_lidar_protocol.h:66:16:\x1b[m\x1b[K \x1b[01;35m\x1b[Kwarning: \x1b[m\x1b[KISO C++ forbids zero-size array \xe2\x80\x98\x1b[01m\x1b[Kdata\x1b[m\x1b[K\xe2\x80\x99 [\x1b[01;35m\x1b[K\x1b]8;;https://gcc.gnu.org/onlinedocs/gcc/Warning-Options.html#index-Wpedantic\x07-Wpedantic\x1b]8;;\x07\x1b[m\x1b[K]\n'}
[4.098589] (sllidar_ros2) StderrLine: {'line': b'   66 |     sl_u8 data[\x1b[01;35m\x1b[K0\x1b[m\x1b[K];\n'}
[4.098747] (sllidar_ros2) StderrLine: {'line': b'      |                \x1b[01;35m\x1b[K^\x1b[m\x1b[K\n'}
[4.099077] (sllidar_ros2) StderrLine: {'line': b'In file included from \x1b[01m\x1b[K/home/marlboro/ws_diff_drive/src/sllidar_ros2/./sdk/include/rplidar_cmd.h:36\x1b[m\x1b[K,\n'}
[4.099229] (sllidar_ros2) StderrLine: {'line': b'                 from \x1b[01m\x1b[K/home/marlboro/ws_diff_drive/src/sllidar_ros2/./sdk/include/rplidar.h:40\x1b[m\x1b[K,\n'}
[4.099356] (sllidar_ros2) StderrLine: {'line': b'                 from \x1b[01m\x1b[K/home/marlboro/ws_diff_drive/src/sllidar_ros2/./sdk/src/sdkcommon.h:49\x1b[m\x1b[K,\n'}
[4.099475] (sllidar_ros2) StderrLine: {'line': b'                 from \x1b[01m\x1b[K/home/marlboro/ws_diff_drive/src/sllidar_ros2/sdk/src/arch/linux/net_socket.cpp:10\x1b[m\x1b[K:\n'}
[4.099625] (sllidar_ros2) StderrLine: {'line': b'\x1b[01m\x1b[K/home/marlboro/ws_diff_drive/src/sllidar_ros2/./sdk/include/sl_lidar_cmd.h:324:20:\x1b[m\x1b[K \x1b[01;35m\x1b[Kwarning: \x1b[m\x1b[KISO C++ forbids zero-size array \xe2\x80\x98\x1b[01m\x1b[Kpayload\x1b[m\x1b[K\xe2\x80\x99 [\x1b[01;35m\x1b[K\x1b]8;;https://gcc.gnu.org/onlinedocs/gcc/Warning-Options.html#index-Wpedantic\x07-Wpedantic\x1b]8;;\x07\x1b[m\x1b[K]\n'}
[4.099768] (sllidar_ros2) StderrLine: {'line': b'  324 |     sl_u8  payload[\x1b[01;35m\x1b[K0\x1b[m\x1b[K];\n'}
[4.099882] (sllidar_ros2) StderrLine: {'line': b'      |                    \x1b[01;35m\x1b[K^\x1b[m\x1b[K\n'}
[4.119028] (-) TimerEvent: {}
[4.219894] (-) TimerEvent: {}
[4.234213] (sllidar_ros2) StderrLine: {'line': b'In file included from \x1b[01m\x1b[K/home/marlboro/ws_diff_drive/src/sllidar_ros2/./sdk/src/arch/linux/arch_linux.h:42\x1b[m\x1b[K,\n'}
[4.234771] (sllidar_ros2) StderrLine: {'line': b'                 from \x1b[01m\x1b[K/home/marlboro/ws_diff_drive/src/sllidar_ros2/./sdk/src/sdkcommon.h:41\x1b[m\x1b[K,\n'}
[4.234995] (sllidar_ros2) StderrLine: {'line': b'                 from \x1b[01m\x1b[K/home/marlboro/ws_diff_drive/src/sllidar_ros2/sdk/src/arch/linux/net_socket.cpp:10\x1b[m\x1b[K:\n'}
[4.235162] (sllidar_ros2) StderrLine: {'line': b'\x1b[01m\x1b[K/home/marlboro/ws_diff_drive/src/sllidar_ros2/sdk/src/arch/linux/net_socket.cpp:\x1b[m\x1b[K In member function \xe2\x80\x98\x1b[01m\x1b[Kvirtual u_result rp::arch::net::DGramSocketImpl::sendTo(const rp::net::SocketAddress*, const void*, size_t)\x1b[m\x1b[K\xe2\x80\x99:\n'}
[4.235318] (sllidar_ros2) StderrLine: {'line': b'\x1b[01m\x1b[K/home/marlboro/ws_diff_drive/src/sllidar_ros2/sdk/src/arch/linux/net_socket.cpp:733:24:\x1b[m\x1b[K \x1b[01;35m\x1b[Kwarning: \x1b[m\x1b[Kcomparison of integer expressions of different signedness: \xe2\x80\x98\x1b[01m\x1b[Kint\x1b[m\x1b[K\xe2\x80\x99 and \xe2\x80\x98\x1b[01m\x1b[Ksize_t\x1b[m\x1b[K\xe2\x80\x99 {aka \xe2\x80\x98\x1b[01m\x1b[Klong unsigned int\x1b[m\x1b[K\xe2\x80\x99} [\x1b[01;35m\x1b[K\x1b]8;;https://gcc.gnu.org/onlinedocs/gcc/Warning-Options.html#index-Wsign-compare\x07-Wsign-compare\x1b]8;;\x07\x1b[m\x1b[K]\n'}
[4.235466] (sllidar_ros2) StderrLine: {'line': b'  733 |             assert(\x1b[01;35m\x1b[Kans == len\x1b[m\x1b[K);\n'}
[4.235590] (sllidar_ros2) StderrLine: {'line': b'      |                    \x1b[01;35m\x1b[K~~~~^~~~~~\x1b[m\x1b[K\n'}
[4.275559] (sllidar_ros2) StdoutLine: {'line': b'[ 35%] \x1b[32mBuilding CXX object CMakeFiles/sllidar_node.dir/sdk/src/dataunpacker/unpacker/handler_capsules.cpp.o\x1b[0m\n'}
[4.310360] (sllidar_ros2) StderrLine: {'line': b'In file included from \x1b[01m\x1b[K/home/marlboro/ws_diff_drive/src/sllidar_ros2/./sdk/include/rplidar_protocol.h:36\x1b[m\x1b[K,\n'}
[4.311140] (sllidar_ros2) StderrLine: {'line': b'                 from \x1b[01m\x1b[K/home/marlboro/ws_diff_drive/src/sllidar_ros2/./sdk/include/rplidar.h:39\x1b[m\x1b[K,\n'}
[4.311443] (sllidar_ros2) StderrLine: {'line': b'                 from \x1b[01m\x1b[K/home/marlboro/ws_diff_drive/src/sllidar_ros2/./sdk/src/sdkcommon.h:49\x1b[m\x1b[K,\n'}
[4.312102] (sllidar_ros2) StderrLine: {'line': b'                 from \x1b[01m\x1b[K/home/marlboro/ws_diff_drive/src/sllidar_ros2/sdk/src/dataunpacker/dataunnpacker_commondef.h:41\x1b[m\x1b[K,\n'}
[4.312669] (sllidar_ros2) StderrLine: {'line': b'                 from \x1b[01m\x1b[K/home/marlboro/ws_diff_drive/src/sllidar_ros2/sdk/src/dataunpacker/dataunpacker.cpp:39\x1b[m\x1b[K:\n'}
[4.313123] (sllidar_ros2) StderrLine: {'line': b'\x1b[01m\x1b[K/home/marlboro/ws_diff_drive/src/sllidar_ros2/./sdk/include/sl_lidar_protocol.h:66:16:\x1b[m\x1b[K \x1b[01;35m\x1b[Kwarning: \x1b[m\x1b[KISO C++ forbids zero-size array \xe2\x80\x98\x1b[01m\x1b[Kdata\x1b[m\x1b[K\xe2\x80\x99 [\x1b[01;35m\x1b[K\x1b]8;;https://gcc.gnu.org/onlinedocs/gcc/Warning-Options.html#index-Wpedantic\x07-Wpedantic\x1b]8;;\x07\x1b[m\x1b[K]\n'}
[4.313374] (sllidar_ros2) StderrLine: {'line': b'   66 |     sl_u8 data[\x1b[01;35m\x1b[K0\x1b[m\x1b[K];\n'}
[4.313788] (sllidar_ros2) StderrLine: {'line': b'      |                \x1b[01;35m\x1b[K^\x1b[m\x1b[K\n'}
[4.314222] (sllidar_ros2) StderrLine: {'line': b'In file included from \x1b[01m\x1b[K/home/marlboro/ws_diff_drive/src/sllidar_ros2/./sdk/include/rplidar_cmd.h:36\x1b[m\x1b[K,\n'}
[4.314559] (sllidar_ros2) StderrLine: {'line': b'                 from \x1b[01m\x1b[K/home/marlboro/ws_diff_drive/src/sllidar_ros2/./sdk/include/rplidar.h:40\x1b[m\x1b[K,\n'}
[4.314769] (sllidar_ros2) StderrLine: {'line': b'                 from \x1b[01m\x1b[K/home/marlboro/ws_diff_drive/src/sllidar_ros2/./sdk/src/sdkcommon.h:49\x1b[m\x1b[K,\n'}
[4.314979] (sllidar_ros2) StderrLine: {'line': b'                 from \x1b[01m\x1b[K/home/marlboro/ws_diff_drive/src/sllidar_ros2/sdk/src/dataunpacker/dataunnpacker_commondef.h:41\x1b[m\x1b[K,\n'}
[4.315147] (sllidar_ros2) StderrLine: {'line': b'                 from \x1b[01m\x1b[K/home/marlboro/ws_diff_drive/src/sllidar_ros2/sdk/src/dataunpacker/dataunpacker.cpp:39\x1b[m\x1b[K:\n'}
[4.315309] (sllidar_ros2) StderrLine: {'line': b'\x1b[01m\x1b[K/home/marlboro/ws_diff_drive/src/sllidar_ros2/./sdk/include/sl_lidar_cmd.h:324:20:\x1b[m\x1b[K \x1b[01;35m\x1b[Kwarning: \x1b[m\x1b[KISO C++ forbids zero-size array \xe2\x80\x98\x1b[01m\x1b[Kpayload\x1b[m\x1b[K\xe2\x80\x99 [\x1b[01;35m\x1b[K\x1b]8;;https://gcc.gnu.org/onlinedocs/gcc/Warning-Options.html#index-Wpedantic\x07-Wpedantic\x1b]8;;\x07\x1b[m\x1b[K]\n'}
[4.315447] (sllidar_ros2) StderrLine: {'line': b'  324 |     sl_u8  payload[\x1b[01;35m\x1b[K0\x1b[m\x1b[K];\n'}
[4.315570] (sllidar_ros2) StderrLine: {'line': b'      |                    \x1b[01;35m\x1b[K^\x1b[m\x1b[K\n'}
[4.320432] (-) TimerEvent: {}
[4.421205] (-) TimerEvent: {}
[4.522106] (-) TimerEvent: {}
[4.623659] (-) TimerEvent: {}
[4.640966] (sllidar_ros2) StdoutLine: {'line': b'[ 40%] \x1b[32mBuilding CXX object CMakeFiles/sllidar_node.dir/sdk/src/dataunpacker/unpacker/handler_hqnode.cpp.o\x1b[0m\n'}
[4.726463] (-) TimerEvent: {}
[4.814331] (sllidar_ros2) StderrLine: {'line': b'In file included from \x1b[01m\x1b[K/home/marlboro/ws_diff_drive/src/sllidar_ros2/sdk/src/dataunpacker/dataunpacker.cpp:40\x1b[m\x1b[K:\n'}
[4.814874] (sllidar_ros2) StderrLine: {'line': b'\x1b[01m\x1b[K/home/marlboro/ws_diff_drive/src/sllidar_ros2/sdk/src/dataunpacker/dataunpacker.h:\x1b[m\x1b[K In member function \xe2\x80\x98\x1b[01m\x1b[Kvirtual void sl::internal::LIDARSampleDataListener::onCustomSampleDataDecoded(_u8, _u32, const void*, size_t)\x1b[m\x1b[K\xe2\x80\x99:\n'}
[4.815078] (sllidar_ros2) StderrLine: {'line': b'\x1b[01m\x1b[K/home/marlboro/ws_diff_drive/src/sllidar_ros2/sdk/src/dataunpacker/dataunpacker.h:54:52:\x1b[m\x1b[K \x1b[01;35m\x1b[Kwarning: \x1b[m\x1b[Kunused parameter \xe2\x80\x98\x1b[01m\x1b[KansType\x1b[m\x1b[K\xe2\x80\x99 [\x1b[01;35m\x1b[K\x1b]8;;https://gcc.gnu.org/onlinedocs/gcc/Warning-Options.html#index-Wunused-parameter\x07-Wunused-parameter\x1b]8;;\x07\x1b[m\x1b[K]\n'}
[4.815274] (sllidar_ros2) StderrLine: {'line': b'   54 |         virtual void onCustomSampleDataDecoded(\x1b[01;35m\x1b[K_u8 ansType\x1b[m\x1b[K, _u32 customCode, const void* data, size_t size) {}\n'}
[4.815418] (sllidar_ros2) StderrLine: {'line': b'      |                                                \x1b[01;35m\x1b[K~~~~^~~~~~~\x1b[m\x1b[K\n'}
[4.815544] (sllidar_ros2) StderrLine: {'line': b'\x1b[01m\x1b[K/home/marlboro/ws_diff_drive/src/sllidar_ros2/sdk/src/dataunpacker/dataunpacker.h:54:66:\x1b[m\x1b[K \x1b[01;35m\x1b[Kwarning: \x1b[m\x1b[Kunused parameter \xe2\x80\x98\x1b[01m\x1b[KcustomCode\x1b[m\x1b[K\xe2\x80\x99 [\x1b[01;35m\x1b[K\x1b]8;;https://gcc.gnu.org/onlinedocs/gcc/Warning-Options.html#index-Wunused-parameter\x07-Wunused-parameter\x1b]8;;\x07\x1b[m\x1b[K]\n'}
[4.815669] (sllidar_ros2) StderrLine: {'line': b'   54 |         virtual void onCustomSampleDataDecoded(_u8 ansType, \x1b[01;35m\x1b[K_u32 customCode\x1b[m\x1b[K, const void* data, size_t size) {}\n'}
[4.815789] (sllidar_ros2) StderrLine: {'line': b'      |                                                             \x1b[01;35m\x1b[K~~~~~^~~~~~~~~~\x1b[m\x1b[K\n'}
[4.815941] (sllidar_ros2) StderrLine: {'line': b'\x1b[01m\x1b[K/home/marlboro/ws_diff_drive/src/sllidar_ros2/sdk/src/dataunpacker/dataunpacker.h:54:90:\x1b[m\x1b[K \x1b[01;35m\x1b[Kwarning: \x1b[m\x1b[Kunused parameter \xe2\x80\x98\x1b[01m\x1b[Kdata\x1b[m\x1b[K\xe2\x80\x99 [\x1b[01;35m\x1b[K\x1b]8;;https://gcc.gnu.org/onlinedocs/gcc/Warning-Options.html#index-Wunused-parameter\x07-Wunused-parameter\x1b]8;;\x07\x1b[m\x1b[K]\n'}
[4.816066] (sllidar_ros2) StderrLine: {'line': b'   54 |         virtual void onCustomSampleDataDecoded(_u8 ansType, _u32 customCode, \x1b[01;35m\x1b[Kconst void* data\x1b[m\x1b[K, size_t size) {}\n'}
[4.816180] (sllidar_ros2) StderrLine: {'line': b'      |                                                                              \x1b[01;35m\x1b[K~~~~~~~~~~~~^~~~\x1b[m\x1b[K\n'}
[4.816296] (sllidar_ros2) StderrLine: {'line': b'\x1b[01m\x1b[K/home/marlboro/ws_diff_drive/src/sllidar_ros2/sdk/src/dataunpacker/dataunpacker.h:54:103:\x1b[m\x1b[K \x1b[01;35m\x1b[Kwarning: \x1b[m\x1b[Kunused parameter \xe2\x80\x98\x1b[01m\x1b[Ksize\x1b[m\x1b[K\xe2\x80\x99 [\x1b[01;35m\x1b[K\x1b]8;;https://gcc.gnu.org/onlinedocs/gcc/Warning-Options.html#index-Wunused-parameter\x07-Wunused-parameter\x1b]8;;\x07\x1b[m\x1b[K]\n'}
[4.816414] (sllidar_ros2) StderrLine: {'line': b'   54 |         virtual void onCustomSampleDataDecoded(_u8 ansType, _u32 customCode, const void* data, \x1b[01;35m\x1b[Ksize_t size\x1b[m\x1b[K) {}\n'}
[4.824045] (sllidar_ros2) StderrLine: {'line': b'      |                                                                                                \x1b[01;35m\x1b[K~~~~~~~^~~~\x1b[m\x1b[K\n'}
[4.826645] (sllidar_ros2) StderrLine: {'line': b'\x1b[01m\x1b[K/home/marlboro/ws_diff_drive/src/sllidar_ros2/sdk/src/dataunpacker/dataunpacker.h:\x1b[m\x1b[K In member function \xe2\x80\x98\x1b[01m\x1b[Kvirtual void sl::internal::LIDARSampleDataListener::onDecodingError(int, _u8, const void*, size_t)\x1b[m\x1b[K\xe2\x80\x99:\n'}
[4.827098] (-) TimerEvent: {}
[4.827390] (sllidar_ros2) StderrLine: {'line': b'\x1b[01m\x1b[K/home/marlboro/ws_diff_drive/src/sllidar_ros2/sdk/src/dataunpacker/dataunpacker.h:56:42:\x1b[m\x1b[K \x1b[01;35m\x1b[Kwarning: \x1b[m\x1b[Kunused parameter \xe2\x80\x98\x1b[01m\x1b[KerrMsg\x1b[m\x1b[K\xe2\x80\x99 [\x1b[01;35m\x1b[K\x1b]8;;https://gcc.gnu.org/onlinedocs/gcc/Warning-Options.html#index-Wunused-parameter\x07-Wunused-parameter\x1b]8;;\x07\x1b[m\x1b[K]\n'}
[4.827584] (sllidar_ros2) StderrLine: {'line': b'   56 |         virtual void onDecodingError(\x1b[01;35m\x1b[Kint errMsg\x1b[m\x1b[K, _u8 ansType, const void* payload, size_t size) {}\n'}
[4.827727] (sllidar_ros2) StderrLine: {'line': b'      |                                      \x1b[01;35m\x1b[K~~~~^~~~~~\x1b[m\x1b[K\n'}
[4.827857] (sllidar_ros2) StderrLine: {'line': b'\x1b[01m\x1b[K/home/marlboro/ws_diff_drive/src/sllidar_ros2/sdk/src/dataunpacker/dataunpacker.h:56:54:\x1b[m\x1b[K \x1b[01;35m\x1b[Kwarning: \x1b[m\x1b[Kunused parameter \xe2\x80\x98\x1b[01m\x1b[KansType\x1b[m\x1b[K\xe2\x80\x99 [\x1b[01;35m\x1b[K\x1b]8;;https://gcc.gnu.org/onlinedocs/gcc/Warning-Options.html#index-Wunused-parameter\x07-Wunused-parameter\x1b]8;;\x07\x1b[m\x1b[K]\n'}
[4.832208] (sllidar_ros2) StderrLine: {'line': b'   56 |         virtual void onDecodingError(int errMsg, \x1b[01;35m\x1b[K_u8 ansType\x1b[m\x1b[K, const void* payload, size_t size) {}\n'}
[4.832457] (sllidar_ros2) StderrLine: {'line': b'      |                                                  \x1b[01;35m\x1b[K~~~~^~~~~~~\x1b[m\x1b[K\n'}
[4.832600] (sllidar_ros2) StderrLine: {'line': b'\x1b[01m\x1b[K/home/marlboro/ws_diff_drive/src/sllidar_ros2/sdk/src/dataunpacker/dataunpacker.h:56:75:\x1b[m\x1b[K \x1b[01;35m\x1b[Kwarning: \x1b[m\x1b[Kunused parameter \xe2\x80\x98\x1b[01m\x1b[Kpayload\x1b[m\x1b[K\xe2\x80\x99 [\x1b[01;35m\x1b[K\x1b]8;;https://gcc.gnu.org/onlinedocs/gcc/Warning-Options.html#index-Wunused-parameter\x07-Wunused-parameter\x1b]8;;\x07\x1b[m\x1b[K]\n'}
[4.832737] (sllidar_ros2) StderrLine: {'line': b'   56 |         virtual void onDecodingError(int errMsg, _u8 ansType, \x1b[01;35m\x1b[Kconst void* payload\x1b[m\x1b[K, size_t size) {}\n'}
[4.832903] (sllidar_ros2) StderrLine: {'line': b'      |                                                               \x1b[01;35m\x1b[K~~~~~~~~~~~~^~~~~~~\x1b[m\x1b[K\n'}
[4.833025] (sllidar_ros2) StderrLine: {'line': b'\x1b[01m\x1b[K/home/marlboro/ws_diff_drive/src/sllidar_ros2/sdk/src/dataunpacker/dataunpacker.h:56:91:\x1b[m\x1b[K \x1b[01;35m\x1b[Kwarning: \x1b[m\x1b[Kunused parameter \xe2\x80\x98\x1b[01m\x1b[Ksize\x1b[m\x1b[K\xe2\x80\x99 [\x1b[01;35m\x1b[K\x1b]8;;https://gcc.gnu.org/onlinedocs/gcc/Warning-Options.html#index-Wunused-parameter\x07-Wunused-parameter\x1b]8;;\x07\x1b[m\x1b[K]\n'}
[4.833172] (sllidar_ros2) StderrLine: {'line': b'   56 |         virtual void onDecodingError(int errMsg, _u8 ansType, const void* payload, \x1b[01;35m\x1b[Ksize_t size\x1b[m\x1b[K) {}\n'}
[4.833287] (sllidar_ros2) StderrLine: {'line': b'      |                                                                                    \x1b[01;35m\x1b[K~~~~~~~^~~~\x1b[m\x1b[K\n'}
[4.838765] (sllidar_ros2) StderrLine: {'line': b'\x1b[01m\x1b[K/home/marlboro/ws_diff_drive/src/sllidar_ros2/sdk/src/arch/linux/net_serial.cpp:\x1b[m\x1b[K In member function \xe2\x80\x98\x1b[01m\x1b[Kbool rp::arch::net::raw_serial::open(const char*, uint32_t, uint32_t)\x1b[m\x1b[K\xe2\x80\x99:\n'}
[4.839271] (sllidar_ros2) StderrLine: {'line': b'\x1b[01m\x1b[K/home/marlboro/ws_diff_drive/src/sllidar_ros2/sdk/src/arch/linux/net_serial.cpp:97:74:\x1b[m\x1b[K \x1b[01;35m\x1b[Kwarning: \x1b[m\x1b[Kunused parameter \xe2\x80\x98\x1b[01m\x1b[Kflags\x1b[m\x1b[K\xe2\x80\x99 [\x1b[01;35m\x1b[K\x1b]8;;https://gcc.gnu.org/onlinedocs/gcc/Warning-Options.html#index-Wunused-parameter\x07-Wunused-parameter\x1b]8;;\x07\x1b[m\x1b[K]\n'}
[4.839447] (sllidar_ros2) StderrLine: {'line': b'   97 | bool raw_serial::open(const char * portname, uint32_t baudrate, \x1b[01;35m\x1b[Kuint32_t flags\x1b[m\x1b[K)\n'}
[4.839581] (sllidar_ros2) StderrLine: {'line': b'      |                                                                 \x1b[01;35m\x1b[K~~~~~~~~~^~~~~\x1b[m\x1b[K\n'}
[4.839858] (sllidar_ros2) StderrLine: {'line': b'\x1b[01m\x1b[K/home/marlboro/ws_diff_drive/src/sllidar_ros2/sdk/src/arch/linux/net_serial.cpp:\x1b[m\x1b[K In member function \xe2\x80\x98\x1b[01m\x1b[Kvirtual void rp::arch::net::raw_serial::flush(_u32)\x1b[m\x1b[K\xe2\x80\x99:\n'}
[4.840153] (sllidar_ros2) StderrLine: {'line': b'\x1b[01m\x1b[K/home/marlboro/ws_diff_drive/src/sllidar_ros2/sdk/src/arch/linux/net_serial.cpp:281:30:\x1b[m\x1b[K \x1b[01;35m\x1b[Kwarning: \x1b[m\x1b[Kunused parameter \xe2\x80\x98\x1b[01m\x1b[Kflags\x1b[m\x1b[K\xe2\x80\x99 [\x1b[01;35m\x1b[K\x1b]8;;https://gcc.gnu.org/onlinedocs/gcc/Warning-Options.html#index-Wunused-parameter\x07-Wunused-parameter\x1b]8;;\x07\x1b[m\x1b[K]\n'}
[4.840423] (sllidar_ros2) StderrLine: {'line': b'  281 | void raw_serial::flush( \x1b[01;35m\x1b[K_u32 flags\x1b[m\x1b[K)\n'}
[4.840559] (sllidar_ros2) StderrLine: {'line': b'      |                         \x1b[01;35m\x1b[K~~~~~^~~~~\x1b[m\x1b[K\n'}
[4.840680] (sllidar_ros2) StderrLine: {'line': b'\x1b[01m\x1b[K/home/marlboro/ws_diff_drive/src/sllidar_ros2/sdk/src/arch/linux/net_serial.cpp:\x1b[m\x1b[K In member function \xe2\x80\x98\x1b[01m\x1b[Kvirtual int rp::arch::net::raw_serial::waitforsent(_u32, size_t*)\x1b[m\x1b[K\xe2\x80\x99:\n'}
[4.840801] (sllidar_ros2) StderrLine: {'line': b'\x1b[01m\x1b[K/home/marlboro/ws_diff_drive/src/sllidar_ros2/sdk/src/arch/linux/net_serial.cpp:286:34:\x1b[m\x1b[K \x1b[01;35m\x1b[Kwarning: \x1b[m\x1b[Kunused parameter \xe2\x80\x98\x1b[01m\x1b[Ktimeout\x1b[m\x1b[K\xe2\x80\x99 [\x1b[01;35m\x1b[K\x1b]8;;https://gcc.gnu.org/onlinedocs/gcc/Warning-Options.html#index-Wunused-parameter\x07-Wunused-parameter\x1b]8;;\x07\x1b[m\x1b[K]\n'}
[4.840955] (sllidar_ros2) StderrLine: {'line': b'  286 | int raw_serial::waitforsent(\x1b[01;35m\x1b[K_u32 timeout\x1b[m\x1b[K, size_t * returned_size)\n'}
[4.841077] (sllidar_ros2) StderrLine: {'line': b'      |                             \x1b[01;35m\x1b[K~~~~~^~~~~~~\x1b[m\x1b[K\n'}
[4.841212] (sllidar_ros2) StderrLine: {'line': b'\x1b[01m\x1b[K/home/marlboro/ws_diff_drive/src/sllidar_ros2/sdk/src/arch/linux/net_serial.cpp:\x1b[m\x1b[K In member function \xe2\x80\x98\x1b[01m\x1b[Kvirtual int rp::arch::net::raw_serial::waitforrecv(_u32, size_t*)\x1b[m\x1b[K\xe2\x80\x99:\n'}
[4.841331] (sllidar_ros2) StderrLine: {'line': b'\x1b[01m\x1b[K/home/marlboro/ws_diff_drive/src/sllidar_ros2/sdk/src/arch/linux/net_serial.cpp:292:34:\x1b[m\x1b[K \x1b[01;35m\x1b[Kwarning: \x1b[m\x1b[Kunused parameter \xe2\x80\x98\x1b[01m\x1b[Ktimeout\x1b[m\x1b[K\xe2\x80\x99 [\x1b[01;35m\x1b[K\x1b]8;;https://gcc.gnu.org/onlinedocs/gcc/Warning-Options.html#index-Wunused-parameter\x07-Wunused-parameter\x1b]8;;\x07\x1b[m\x1b[K]\n'}
[4.841450] (sllidar_ros2) StderrLine: {'line': b'  292 | int raw_serial::waitforrecv(\x1b[01;35m\x1b[K_u32 timeout\x1b[m\x1b[K, size_t * returned_size)\n'}
[4.841562] (sllidar_ros2) StderrLine: {'line': b'      |                             \x1b[01;35m\x1b[K~~~~~^~~~~~~\x1b[m\x1b[K\n'}
[4.843662] (sllidar_ros2) StderrLine: {'line': b'\x1b[01m\x1b[K/home/marlboro/ws_diff_drive/src/sllidar_ros2/sdk/src/arch/linux/net_serial.cpp:\x1b[m\x1b[K In member function \xe2\x80\x98\x1b[01m\x1b[Kvirtual void rp::arch::net::raw_serial::cancelOperation()\x1b[m\x1b[K\xe2\x80\x99:\n'}
[4.844067] (sllidar_ros2) StderrLine: {'line': b'\x1b[01m\x1b[K/home/marlboro/ws_diff_drive/src/sllidar_ros2/sdk/src/arch/linux/net_serial.cpp:427:5:\x1b[m\x1b[K \x1b[01;35m\x1b[Kwarning: \x1b[m\x1b[Kvalue computed is not used [\x1b[01;35m\x1b[K\x1b]8;;https://gcc.gnu.org/onlinedocs/gcc/Warning-Options.html#index-Wunused-value\x07-Wunused-value\x1b]8;;\x07\x1b[m\x1b[K]\n'}
[4.844229] (sllidar_ros2) StderrLine: {'line': b'  427 |     \x1b[01;35m\x1b[K(int)::write(_selfpipe[1], "x", 1)\x1b[m\x1b[K;\n'}
[4.844354] (sllidar_ros2) StderrLine: {'line': b'      |     \x1b[01;35m\x1b[K^~~~~~~~~~~~~~~~~~~~~~~~~~~~~~~~~~\x1b[m\x1b[K\n'}
[4.927316] (-) TimerEvent: {}
[5.028069] (-) TimerEvent: {}
[5.128796] (-) TimerEvent: {}
[5.140337] (sllidar_ros2) StderrLine: {'line': b'In file included from \x1b[01m\x1b[K/home/marlboro/ws_diff_drive/src/sllidar_ros2/./sdk/include/rplidar_protocol.h:36\x1b[m\x1b[K,\n'}
[5.140916] (sllidar_ros2) StderrLine: {'line': b'                 from \x1b[01m\x1b[K/home/marlboro/ws_diff_drive/src/sllidar_ros2/./sdk/include/rplidar.h:39\x1b[m\x1b[K,\n'}
[5.141124] (sllidar_ros2) StderrLine: {'line': b'                 from \x1b[01m\x1b[K/home/marlboro/ws_diff_drive/src/sllidar_ros2/./sdk/src/sdkcommon.h:49\x1b[m\x1b[K,\n'}
[5.141263] (sllidar_ros2) StderrLine: {'line': b'                 from \x1b[01m\x1b[K/home/marlboro/ws_diff_drive/src/sllidar_ros2/sdk/src/dataunpacker/unpacker/../dataunnpacker_commondef.h:41\x1b[m\x1b[K,\n'}
[5.141395] (sllidar_ros2) StderrLine: {'line': b'                 from \x1b[01m\x1b[K/home/marlboro/ws_diff_drive/src/sllidar_ros2/sdk/src/dataunpacker/unpacker/handler_capsules.cpp:39\x1b[m\x1b[K:\n'}
[5.141573] (sllidar_ros2) StderrLine: {'line': b'\x1b[01m\x1b[K/home/marlboro/ws_diff_drive/src/sllidar_ros2/./sdk/include/sl_lidar_protocol.h:66:16:\x1b[m\x1b[K \x1b[01;35m\x1b[Kwarning: \x1b[m\x1b[KISO C++ forbids zero-size array \xe2\x80\x98\x1b[01m\x1b[Kdata\x1b[m\x1b[K\xe2\x80\x99 [\x1b[01;35m\x1b[K\x1b]8;;https://gcc.gnu.org/onlinedocs/gcc/Warning-Options.html#index-Wpedantic\x07-Wpedantic\x1b]8;;\x07\x1b[m\x1b[K]\n'}
[5.141710] (sllidar_ros2) StderrLine: {'line': b'   66 |     sl_u8 data[\x1b[01;35m\x1b[K0\x1b[m\x1b[K];\n'}
[5.141828] (sllidar_ros2) StderrLine: {'line': b'      |                \x1b[01;35m\x1b[K^\x1b[m\x1b[K\n'}
[5.142627] (sllidar_ros2) StderrLine: {'line': b'In file included from \x1b[01m\x1b[K/home/marlboro/ws_diff_drive/src/sllidar_ros2/./sdk/include/rplidar_cmd.h:36\x1b[m\x1b[K,\n'}
[5.142866] (sllidar_ros2) StderrLine: {'line': b'                 from \x1b[01m\x1b[K/home/marlboro/ws_diff_drive/src/sllidar_ros2/./sdk/include/rplidar.h:40\x1b[m\x1b[K,\n'}
[5.143001] (sllidar_ros2) StderrLine: {'line': b'                 from \x1b[01m\x1b[K/home/marlboro/ws_diff_drive/src/sllidar_ros2/./sdk/src/sdkcommon.h:49\x1b[m\x1b[K,\n'}
[5.143156] (sllidar_ros2) StderrLine: {'line': b'                 from \x1b[01m\x1b[K/home/marlboro/ws_diff_drive/src/sllidar_ros2/sdk/src/dataunpacker/unpacker/../dataunnpacker_commondef.h:41\x1b[m\x1b[K,\n'}
[5.143273] (sllidar_ros2) StderrLine: {'line': b'                 from \x1b[01m\x1b[K/home/marlboro/ws_diff_drive/src/sllidar_ros2/sdk/src/dataunpacker/unpacker/handler_capsules.cpp:39\x1b[m\x1b[K:\n'}
[5.143386] (sllidar_ros2) StderrLine: {'line': b'\x1b[01m\x1b[K/home/marlboro/ws_diff_drive/src/sllidar_ros2/./sdk/include/sl_lidar_cmd.h:324:20:\x1b[m\x1b[K \x1b[01;35m\x1b[Kwarning: \x1b[m\x1b[KISO C++ forbids zero-size array \xe2\x80\x98\x1b[01m\x1b[Kpayload\x1b[m\x1b[K\xe2\x80\x99 [\x1b[01;35m\x1b[K\x1b]8;;https://gcc.gnu.org/onlinedocs/gcc/Warning-Options.html#index-Wpedantic\x07-Wpedantic\x1b]8;;\x07\x1b[m\x1b[K]\n'}
[5.143509] (sllidar_ros2) StderrLine: {'line': b'  324 |     sl_u8  payload[\x1b[01;35m\x1b[K0\x1b[m\x1b[K];\n'}
[5.143622] (sllidar_ros2) StderrLine: {'line': b'      |                    \x1b[01;35m\x1b[K^\x1b[m\x1b[K\n'}
[5.192280] (sllidar_ros2) StdoutLine: {'line': b'[ 45%] \x1b[32mBuilding CXX object CMakeFiles/sllidar_node.dir/sdk/src/dataunpacker/unpacker/handler_normalnode.cpp.o\x1b[0m\n'}
[5.229013] (-) TimerEvent: {}
[5.329746] (-) TimerEvent: {}
[5.430508] (-) TimerEvent: {}
[5.531274] (-) TimerEvent: {}
[5.546236] (sllidar_ros2) StderrLine: {'line': b'In file included from \x1b[01m\x1b[K/home/marlboro/ws_diff_drive/src/sllidar_ros2/sdk/src/dataunpacker/unpacker/handler_capsules.cpp:40\x1b[m\x1b[K:\n'}
[5.546777] (sllidar_ros2) StderrLine: {'line': b'\x1b[01m\x1b[K/home/marlboro/ws_diff_drive/src/sllidar_ros2/sdk/src/dataunpacker/unpacker/../dataunpacker.h:\x1b[m\x1b[K In member function \xe2\x80\x98\x1b[01m\x1b[Kvirtual void sl::internal::LIDARSampleDataListener::onCustomSampleDataDecoded(_u8, _u32, const void*, size_t)\x1b[m\x1b[K\xe2\x80\x99:\n'}
[5.547006] (sllidar_ros2) StderrLine: {'line': b'\x1b[01m\x1b[K/home/marlboro/ws_diff_drive/src/sllidar_ros2/sdk/src/dataunpacker/unpacker/../dataunpacker.h:54:52:\x1b[m\x1b[K \x1b[01;35m\x1b[Kwarning: \x1b[m\x1b[Kunused parameter \xe2\x80\x98\x1b[01m\x1b[KansType\x1b[m\x1b[K\xe2\x80\x99 [\x1b[01;35m\x1b[K\x1b]8;;https://gcc.gnu.org/onlinedocs/gcc/Warning-Options.html#index-Wunused-parameter\x07-Wunused-parameter\x1b]8;;\x07\x1b[m\x1b[K]\n'}
[5.547164] (sllidar_ros2) StderrLine: {'line': b'   54 |         virtual void onCustomSampleDataDecoded(\x1b[01;35m\x1b[K_u8 ansType\x1b[m\x1b[K, _u32 customCode, const void* data, size_t size) {}\n'}
[5.547305] (sllidar_ros2) StderrLine: {'line': b'      |                                                \x1b[01;35m\x1b[K~~~~^~~~~~~\x1b[m\x1b[K\n'}
[5.547431] (sllidar_ros2) StderrLine: {'line': b'\x1b[01m\x1b[K/home/marlboro/ws_diff_drive/src/sllidar_ros2/sdk/src/dataunpacker/unpacker/../dataunpacker.h:54:66:\x1b[m\x1b[K \x1b[01;35m\x1b[Kwarning: \x1b[m\x1b[Kunused parameter \xe2\x80\x98\x1b[01m\x1b[KcustomCode\x1b[m\x1b[K\xe2\x80\x99 [\x1b[01;35m\x1b[K\x1b]8;;https://gcc.gnu.org/onlinedocs/gcc/Warning-Options.html#index-Wunused-parameter\x07-Wunused-parameter\x1b]8;;\x07\x1b[m\x1b[K]\n'}
[5.547566] (sllidar_ros2) StderrLine: {'line': b'   54 |         virtual void onCustomSampleDataDecoded(_u8 ansType, \x1b[01;35m\x1b[K_u32 customCode\x1b[m\x1b[K, const void* data, size_t size) {}\n'}
[5.547684] (sllidar_ros2) StderrLine: {'line': b'      |                                                             \x1b[01;35m\x1b[K~~~~~^~~~~~~~~~\x1b[m\x1b[K\n'}
[5.547801] (sllidar_ros2) StderrLine: {'line': b'\x1b[01m\x1b[K/home/marlboro/ws_diff_drive/src/sllidar_ros2/sdk/src/dataunpacker/unpacker/../dataunpacker.h:54:90:\x1b[m\x1b[K \x1b[01;35m\x1b[Kwarning: \x1b[m\x1b[Kunused parameter \xe2\x80\x98\x1b[01m\x1b[Kdata\x1b[m\x1b[K\xe2\x80\x99 [\x1b[01;35m\x1b[K\x1b]8;;https://gcc.gnu.org/onlinedocs/gcc/Warning-Options.html#index-Wunused-parameter\x07-Wunused-parameter\x1b]8;;\x07\x1b[m\x1b[K]\n'}
[5.547965] (sllidar_ros2) StderrLine: {'line': b'   54 |         virtual void onCustomSampleDataDecoded(_u8 ansType, _u32 customCode, \x1b[01;35m\x1b[Kconst void* data\x1b[m\x1b[K, size_t size) {}\n'}
[5.548103] (sllidar_ros2) StderrLine: {'line': b'      |                                                                              \x1b[01;35m\x1b[K~~~~~~~~~~~~^~~~\x1b[m\x1b[K\n'}
[5.548223] (sllidar_ros2) StderrLine: {'line': b'\x1b[01m\x1b[K/home/marlboro/ws_diff_drive/src/sllidar_ros2/sdk/src/dataunpacker/unpacker/../dataunpacker.h:54:103:\x1b[m\x1b[K \x1b[01;35m\x1b[Kwarning: \x1b[m\x1b[Kunused parameter \xe2\x80\x98\x1b[01m\x1b[Ksize\x1b[m\x1b[K\xe2\x80\x99 [\x1b[01;35m\x1b[K\x1b]8;;https://gcc.gnu.org/onlinedocs/gcc/Warning-Options.html#index-Wunused-parameter\x07-Wunused-parameter\x1b]8;;\x07\x1b[m\x1b[K]\n'}
[5.548341] (sllidar_ros2) StderrLine: {'line': b'   54 |         virtual void onCustomSampleDataDecoded(_u8 ansType, _u32 customCode, const void* data, \x1b[01;35m\x1b[Ksize_t size\x1b[m\x1b[K) {}\n'}
[5.548454] (sllidar_ros2) StderrLine: {'line': b'      |                                                                                                \x1b[01;35m\x1b[K~~~~~~~^~~~\x1b[m\x1b[K\n'}
[5.548587] (sllidar_ros2) StderrLine: {'line': b'\x1b[01m\x1b[K/home/marlboro/ws_diff_drive/src/sllidar_ros2/sdk/src/dataunpacker/unpacker/../dataunpacker.h:\x1b[m\x1b[K In member function \xe2\x80\x98\x1b[01m\x1b[Kvirtual void sl::internal::LIDARSampleDataListener::onDecodingError(int, _u8, const void*, size_t)\x1b[m\x1b[K\xe2\x80\x99:\n'}
[5.548706] (sllidar_ros2) StderrLine: {'line': b'\x1b[01m\x1b[K/home/marlboro/ws_diff_drive/src/sllidar_ros2/sdk/src/dataunpacker/unpacker/../dataunpacker.h:56:42:\x1b[m\x1b[K \x1b[01;35m\x1b[Kwarning: \x1b[m\x1b[Kunused parameter \xe2\x80\x98\x1b[01m\x1b[KerrMsg\x1b[m\x1b[K\xe2\x80\x99 [\x1b[01;35m\x1b[K\x1b]8;;https://gcc.gnu.org/onlinedocs/gcc/Warning-Options.html#index-Wunused-parameter\x07-Wunused-parameter\x1b]8;;\x07\x1b[m\x1b[K]\n'}
[5.548821] (sllidar_ros2) StderrLine: {'line': b'   56 |         virtual void onDecodingError(\x1b[01;35m\x1b[Kint errMsg\x1b[m\x1b[K, _u8 ansType, const void* payload, size_t size) {}\n'}
[5.548932] (sllidar_ros2) StderrLine: {'line': b'      |                                      \x1b[01;35m\x1b[K~~~~^~~~~~\x1b[m\x1b[K\n'}
[5.549044] (sllidar_ros2) StderrLine: {'line': b'\x1b[01m\x1b[K/home/marlboro/ws_diff_drive/src/sllidar_ros2/sdk/src/dataunpacker/unpacker/../dataunpacker.h:56:54:\x1b[m\x1b[K \x1b[01;35m\x1b[Kwarning: \x1b[m\x1b[Kunused parameter \xe2\x80\x98\x1b[01m\x1b[KansType\x1b[m\x1b[K\xe2\x80\x99 [\x1b[01;35m\x1b[K\x1b]8;;https://gcc.gnu.org/onlinedocs/gcc/Warning-Options.html#index-Wunused-parameter\x07-Wunused-parameter\x1b]8;;\x07\x1b[m\x1b[K]\n'}
[5.549163] (sllidar_ros2) StderrLine: {'line': b'   56 |         virtual void onDecodingError(int errMsg, \x1b[01;35m\x1b[K_u8 ansType\x1b[m\x1b[K, const void* payload, size_t size) {}\n'}
[5.549272] (sllidar_ros2) StderrLine: {'line': b'      |                                                  \x1b[01;35m\x1b[K~~~~^~~~~~~\x1b[m\x1b[K\n'}
[5.549384] (sllidar_ros2) StderrLine: {'line': b'\x1b[01m\x1b[K/home/marlboro/ws_diff_drive/src/sllidar_ros2/sdk/src/dataunpacker/unpacker/../dataunpacker.h:56:75:\x1b[m\x1b[K \x1b[01;35m\x1b[Kwarning: \x1b[m\x1b[Kunused parameter \xe2\x80\x98\x1b[01m\x1b[Kpayload\x1b[m\x1b[K\xe2\x80\x99 [\x1b[01;35m\x1b[K\x1b]8;;https://gcc.gnu.org/onlinedocs/gcc/Warning-Options.html#index-Wunused-parameter\x07-Wunused-parameter\x1b]8;;\x07\x1b[m\x1b[K]\n'}
[5.549516] (sllidar_ros2) StderrLine: {'line': b'   56 |         virtual void onDecodingError(int errMsg, _u8 ansType, \x1b[01;35m\x1b[Kconst void* payload\x1b[m\x1b[K, size_t size) {}\n'}
[5.549634] (sllidar_ros2) StderrLine: {'line': b'      |                                                               \x1b[01;35m\x1b[K~~~~~~~~~~~~^~~~~~~\x1b[m\x1b[K\n'}
[5.549749] (sllidar_ros2) StderrLine: {'line': b'\x1b[01m\x1b[K/home/marlboro/ws_diff_drive/src/sllidar_ros2/sdk/src/dataunpacker/unpacker/../dataunpacker.h:56:91:\x1b[m\x1b[K \x1b[01;35m\x1b[Kwarning: \x1b[m\x1b[Kunused parameter \xe2\x80\x98\x1b[01m\x1b[Ksize\x1b[m\x1b[K\xe2\x80\x99 [\x1b[01;35m\x1b[K\x1b]8;;https://gcc.gnu.org/onlinedocs/gcc/Warning-Options.html#index-Wunused-parameter\x07-Wunused-parameter\x1b]8;;\x07\x1b[m\x1b[K]\n'}
[5.549883] (sllidar_ros2) StderrLine: {'line': b'   56 |         virtual void onDecodingError(int errMsg, _u8 ansType, const void* payload, \x1b[01;35m\x1b[Ksize_t size\x1b[m\x1b[K) {}\n'}
[5.549992] (sllidar_ros2) StderrLine: {'line': b'      |                                                                                    \x1b[01;35m\x1b[K~~~~~~~^~~~\x1b[m\x1b[K\n'}
[5.575423] (sllidar_ros2) StderrLine: {'line': b'\x1b[01m\x1b[K/home/marlboro/ws_diff_drive/src/sllidar_ros2/sdk/src/dataunpacker/unpacker/handler_capsules.cpp:\x1b[m\x1b[K In member function \xe2\x80\x98\x1b[01m\x1b[Kvoid sl::internal::unpacker::UnpackerHandler_DenseCapsuleNode::_onScanNodeDenseCapsuleData(rplidar_response_dense_capsule_measurement_nodes_t&, sl::internal::LIDARSampleDataUnpackerInner*)\x1b[m\x1b[K\xe2\x80\x99:\n'}
[5.575920] (sllidar_ros2) StderrLine: {'line': b'\x1b[01m\x1b[K/home/marlboro/ws_diff_drive/src/sllidar_ros2/sdk/src/dataunpacker/unpacker/handler_capsules.cpp:763:30:\x1b[m\x1b[K \x1b[01;35m\x1b[Kwarning: \x1b[m\x1b[Ktype qualifiers ignored on cast result type [\x1b[01;35m\x1b[K\x1b]8;;https://gcc.gnu.org/onlinedocs/gcc/Warning-Options.html#index-Wignored-qualifiers\x07-Wignored-qualifiers\x1b]8;;\x07\x1b[m\x1b[K]\n'}
[5.576130] (sllidar_ros2) StderrLine: {'line': b'  763 |             const int dist = \x1b[01;35m\x1b[Kstatic_cast<const int>(_cached_previous_dense_capsuledata.cabins[pos].distance)\x1b[m\x1b[K;\n'}
[5.576277] (sllidar_ros2) StderrLine: {'line': b'      |                              \x1b[01;35m\x1b[K^~~~~~~~~~~~~~~~~~~~~~~~~~~~~~~~~~~~~~~~~~~~~~~~~~~~~~~~~~~~~~~~~~~~~~~~~~~~~~~\x1b[m\x1b[K\n'}
[5.607064] (sllidar_ros2) StdoutLine: {'line': b'[ 50%] \x1b[32mBuilding CXX object CMakeFiles/sllidar_node.dir/sdk/src/hal/thread.cpp.o\x1b[0m\n'}
[5.631529] (-) TimerEvent: {}
[5.732201] (-) TimerEvent: {}
[5.779758] (sllidar_ros2) StderrLine: {'line': b'In file included from \x1b[01m\x1b[K/home/marlboro/ws_diff_drive/src/sllidar_ros2/./sdk/include/rplidar_protocol.h:36\x1b[m\x1b[K,\n'}
[5.780232] (sllidar_ros2) StderrLine: {'line': b'                 from \x1b[01m\x1b[K/home/marlboro/ws_diff_drive/src/sllidar_ros2/./sdk/include/rplidar.h:39\x1b[m\x1b[K,\n'}
[5.780393] (sllidar_ros2) StderrLine: {'line': b'                 from \x1b[01m\x1b[K/home/marlboro/ws_diff_drive/src/sllidar_ros2/./sdk/src/sdkcommon.h:49\x1b[m\x1b[K,\n'}
[5.780528] (sllidar_ros2) StderrLine: {'line': b'                 from \x1b[01m\x1b[K/home/marlboro/ws_diff_drive/src/sllidar_ros2/sdk/src/dataunpacker/unpacker/../dataunnpacker_commondef.h:41\x1b[m\x1b[K,\n'}
[5.780658] (sllidar_ros2) StderrLine: {'line': b'                 from \x1b[01m\x1b[K/home/marlboro/ws_diff_drive/src/sllidar_ros2/sdk/src/dataunpacker/unpacker/handler_hqnode.cpp:39\x1b[m\x1b[K:\n'}
[5.780782] (sllidar_ros2) StderrLine: {'line': b'\x1b[01m\x1b[K/home/marlboro/ws_diff_drive/src/sllidar_ros2/./sdk/include/sl_lidar_protocol.h:66:16:\x1b[m\x1b[K \x1b[01;35m\x1b[Kwarning: \x1b[m\x1b[KISO C++ forbids zero-size array \xe2\x80\x98\x1b[01m\x1b[Kdata\x1b[m\x1b[K\xe2\x80\x99 [\x1b[01;35m\x1b[K\x1b]8;;https://gcc.gnu.org/onlinedocs/gcc/Warning-Options.html#index-Wpedantic\x07-Wpedantic\x1b]8;;\x07\x1b[m\x1b[K]\n'}
[5.780959] (sllidar_ros2) StderrLine: {'line': b'   66 |     sl_u8 data[\x1b[01;35m\x1b[K0\x1b[m\x1b[K];\n'}
[5.781079] (sllidar_ros2) StderrLine: {'line': b'      |                \x1b[01;35m\x1b[K^\x1b[m\x1b[K\n'}
[5.781340] (sllidar_ros2) StderrLine: {'line': b'In file included from \x1b[01m\x1b[K/home/marlboro/ws_diff_drive/src/sllidar_ros2/./sdk/include/rplidar_cmd.h:36\x1b[m\x1b[K,\n'}
[5.781486] (sllidar_ros2) StderrLine: {'line': b'                 from \x1b[01m\x1b[K/home/marlboro/ws_diff_drive/src/sllidar_ros2/./sdk/include/rplidar.h:40\x1b[m\x1b[K,\n'}
[5.781609] (sllidar_ros2) StderrLine: {'line': b'                 from \x1b[01m\x1b[K/home/marlboro/ws_diff_drive/src/sllidar_ros2/./sdk/src/sdkcommon.h:49\x1b[m\x1b[K,\n'}
[5.781752] (sllidar_ros2) StderrLine: {'line': b'                 from \x1b[01m\x1b[K/home/marlboro/ws_diff_drive/src/sllidar_ros2/sdk/src/dataunpacker/unpacker/../dataunnpacker_commondef.h:41\x1b[m\x1b[K,\n'}
[5.781870] (sllidar_ros2) StderrLine: {'line': b'                 from \x1b[01m\x1b[K/home/marlboro/ws_diff_drive/src/sllidar_ros2/sdk/src/dataunpacker/unpacker/handler_hqnode.cpp:39\x1b[m\x1b[K:\n'}
[5.782126] (sllidar_ros2) StderrLine: {'line': b'\x1b[01m\x1b[K/home/marlboro/ws_diff_drive/src/sllidar_ros2/./sdk/include/sl_lidar_cmd.h:324:20:\x1b[m\x1b[K \x1b[01;35m\x1b[Kwarning: \x1b[m\x1b[KISO C++ forbids zero-size array \xe2\x80\x98\x1b[01m\x1b[Kpayload\x1b[m\x1b[K\xe2\x80\x99 [\x1b[01;35m\x1b[K\x1b]8;;https://gcc.gnu.org/onlinedocs/gcc/Warning-Options.html#index-Wpedantic\x07-Wpedantic\x1b]8;;\x07\x1b[m\x1b[K]\n'}
[5.782281] (sllidar_ros2) StderrLine: {'line': b'  324 |     sl_u8  payload[\x1b[01;35m\x1b[K0\x1b[m\x1b[K];\n'}
[5.782404] (sllidar_ros2) StderrLine: {'line': b'      |                    \x1b[01;35m\x1b[K^\x1b[m\x1b[K\n'}
[5.832397] (-) TimerEvent: {}
[5.933950] (-) TimerEvent: {}
[6.007596] (sllidar_ros2) StdoutLine: {'line': b'[ 55%] \x1b[32mBuilding CXX object CMakeFiles/sllidar_node.dir/sdk/src/rplidar_driver.cpp.o\x1b[0m\n'}
[6.034158] (-) TimerEvent: {}
[6.134908] (-) TimerEvent: {}
[6.235598] (-) TimerEvent: {}
[6.250465] (sllidar_ros2) StderrLine: {'line': b'In file included from \x1b[01m\x1b[K/home/marlboro/ws_diff_drive/src/sllidar_ros2/sdk/src/dataunpacker/unpacker/handler_hqnode.cpp:40\x1b[m\x1b[K:\n'}
[6.251197] (sllidar_ros2) StderrLine: {'line': b'\x1b[01m\x1b[K/home/marlboro/ws_diff_drive/src/sllidar_ros2/sdk/src/dataunpacker/unpacker/../dataunpacker.h:\x1b[m\x1b[K In member function \xe2\x80\x98\x1b[01m\x1b[Kvirtual void sl::internal::LIDARSampleDataListener::onCustomSampleDataDecoded(_u8, _u32, const void*, size_t)\x1b[m\x1b[K\xe2\x80\x99:\n'}
[6.251381] (sllidar_ros2) StderrLine: {'line': b'\x1b[01m\x1b[K/home/marlboro/ws_diff_drive/src/sllidar_ros2/sdk/src/dataunpacker/unpacker/../dataunpacker.h:54:52:\x1b[m\x1b[K \x1b[01;35m\x1b[Kwarning: \x1b[m\x1b[Kunused parameter \xe2\x80\x98\x1b[01m\x1b[KansType\x1b[m\x1b[K\xe2\x80\x99 [\x1b[01;35m\x1b[K\x1b]8;;https://gcc.gnu.org/onlinedocs/gcc/Warning-Options.html#index-Wunused-parameter\x07-Wunused-parameter\x1b]8;;\x07\x1b[m\x1b[K]\n'}
[6.251533] (sllidar_ros2) StderrLine: {'line': b'   54 |         virtual void onCustomSampleDataDecoded(\x1b[01;35m\x1b[K_u8 ansType\x1b[m\x1b[K, _u32 customCode, const void* data, size_t size) {}\n'}
[6.251669] (sllidar_ros2) StderrLine: {'line': b'      |                                                \x1b[01;35m\x1b[K~~~~^~~~~~~\x1b[m\x1b[K\n'}
[6.251793] (sllidar_ros2) StderrLine: {'line': b'\x1b[01m\x1b[K/home/marlboro/ws_diff_drive/src/sllidar_ros2/sdk/src/dataunpacker/unpacker/../dataunpacker.h:54:66:\x1b[m\x1b[K \x1b[01;35m\x1b[Kwarning: \x1b[m\x1b[Kunused parameter \xe2\x80\x98\x1b[01m\x1b[KcustomCode\x1b[m\x1b[K\xe2\x80\x99 [\x1b[01;35m\x1b[K\x1b]8;;https://gcc.gnu.org/onlinedocs/gcc/Warning-Options.html#index-Wunused-parameter\x07-Wunused-parameter\x1b]8;;\x07\x1b[m\x1b[K]\n'}
[6.251925] (sllidar_ros2) StderrLine: {'line': b'   54 |         virtual void onCustomSampleDataDecoded(_u8 ansType, \x1b[01;35m\x1b[K_u32 customCode\x1b[m\x1b[K, const void* data, size_t size) {}\n'}
[6.252044] (sllidar_ros2) StderrLine: {'line': b'      |                                                             \x1b[01;35m\x1b[K~~~~~^~~~~~~~~~\x1b[m\x1b[K\n'}
[6.252162] (sllidar_ros2) StderrLine: {'line': b'\x1b[01m\x1b[K/home/marlboro/ws_diff_drive/src/sllidar_ros2/sdk/src/dataunpacker/unpacker/../dataunpacker.h:54:90:\x1b[m\x1b[K \x1b[01;35m\x1b[Kwarning: \x1b[m\x1b[Kunused parameter \xe2\x80\x98\x1b[01m\x1b[Kdata\x1b[m\x1b[K\xe2\x80\x99 [\x1b[01;35m\x1b[K\x1b]8;;https://gcc.gnu.org/onlinedocs/gcc/Warning-Options.html#index-Wunused-parameter\x07-Wunused-parameter\x1b]8;;\x07\x1b[m\x1b[K]\n'}
[6.252321] (sllidar_ros2) StderrLine: {'line': b'   54 |         virtual void onCustomSampleDataDecoded(_u8 ansType, _u32 customCode, \x1b[01;35m\x1b[Kconst void* data\x1b[m\x1b[K, size_t size) {}\n'}
[6.252452] (sllidar_ros2) StderrLine: {'line': b'      |                                                                              \x1b[01;35m\x1b[K~~~~~~~~~~~~^~~~\x1b[m\x1b[K\n'}
[6.252566] (sllidar_ros2) StderrLine: {'line': b'\x1b[01m\x1b[K/home/marlboro/ws_diff_drive/src/sllidar_ros2/sdk/src/dataunpacker/unpacker/../dataunpacker.h:54:103:\x1b[m\x1b[K \x1b[01;35m\x1b[Kwarning: \x1b[m\x1b[Kunused parameter \xe2\x80\x98\x1b[01m\x1b[Ksize\x1b[m\x1b[K\xe2\x80\x99 [\x1b[01;35m\x1b[K\x1b]8;;https://gcc.gnu.org/onlinedocs/gcc/Warning-Options.html#index-Wunused-parameter\x07-Wunused-parameter\x1b]8;;\x07\x1b[m\x1b[K]\n'}
[6.252683] (sllidar_ros2) StderrLine: {'line': b'   54 |         virtual void onCustomSampleDataDecoded(_u8 ansType, _u32 customCode, const void* data, \x1b[01;35m\x1b[Ksize_t size\x1b[m\x1b[K) {}\n'}
[6.252792] (sllidar_ros2) StderrLine: {'line': b'      |                                                                                                \x1b[01;35m\x1b[K~~~~~~~^~~~\x1b[m\x1b[K\n'}
[6.252924] (sllidar_ros2) StderrLine: {'line': b'\x1b[01m\x1b[K/home/marlboro/ws_diff_drive/src/sllidar_ros2/sdk/src/dataunpacker/unpacker/../dataunpacker.h:\x1b[m\x1b[K In member function \xe2\x80\x98\x1b[01m\x1b[Kvirtual void sl::internal::LIDARSampleDataListener::onDecodingError(int, _u8, const void*, size_t)\x1b[m\x1b[K\xe2\x80\x99:\n'}
[6.253044] (sllidar_ros2) StderrLine: {'line': b'\x1b[01m\x1b[K/home/marlboro/ws_diff_drive/src/sllidar_ros2/sdk/src/dataunpacker/unpacker/../dataunpacker.h:56:42:\x1b[m\x1b[K \x1b[01;35m\x1b[Kwarning: \x1b[m\x1b[Kunused parameter \xe2\x80\x98\x1b[01m\x1b[KerrMsg\x1b[m\x1b[K\xe2\x80\x99 [\x1b[01;35m\x1b[K\x1b]8;;https://gcc.gnu.org/onlinedocs/gcc/Warning-Options.html#index-Wunused-parameter\x07-Wunused-parameter\x1b]8;;\x07\x1b[m\x1b[K]\n'}
[6.253163] (sllidar_ros2) StderrLine: {'line': b'   56 |         virtual void onDecodingError(\x1b[01;35m\x1b[Kint errMsg\x1b[m\x1b[K, _u8 ansType, const void* payload, size_t size) {}\n'}
[6.253277] (sllidar_ros2) StderrLine: {'line': b'      |                                      \x1b[01;35m\x1b[K~~~~^~~~~~\x1b[m\x1b[K\n'}
[6.253390] (sllidar_ros2) StderrLine: {'line': b'\x1b[01m\x1b[K/home/marlboro/ws_diff_drive/src/sllidar_ros2/sdk/src/dataunpacker/unpacker/../dataunpacker.h:56:54:\x1b[m\x1b[K \x1b[01;35m\x1b[Kwarning: \x1b[m\x1b[Kunused parameter \xe2\x80\x98\x1b[01m\x1b[KansType\x1b[m\x1b[K\xe2\x80\x99 [\x1b[01;35m\x1b[K\x1b]8;;https://gcc.gnu.org/onlinedocs/gcc/Warning-Options.html#index-Wunused-parameter\x07-Wunused-parameter\x1b]8;;\x07\x1b[m\x1b[K]\n'}
[6.253508] (sllidar_ros2) StderrLine: {'line': b'   56 |         virtual void onDecodingError(int errMsg, \x1b[01;35m\x1b[K_u8 ansType\x1b[m\x1b[K, const void* payload, size_t size) {}\n'}
[6.253637] (sllidar_ros2) StderrLine: {'line': b'      |                                                  \x1b[01;35m\x1b[K~~~~^~~~~~~\x1b[m\x1b[K\n'}
[6.253756] (sllidar_ros2) StderrLine: {'line': b'\x1b[01m\x1b[K/home/marlboro/ws_diff_drive/src/sllidar_ros2/sdk/src/dataunpacker/unpacker/../dataunpacker.h:56:75:\x1b[m\x1b[K \x1b[01;35m\x1b[Kwarning: \x1b[m\x1b[Kunused parameter \xe2\x80\x98\x1b[01m\x1b[Kpayload\x1b[m\x1b[K\xe2\x80\x99 [\x1b[01;35m\x1b[K\x1b]8;;https://gcc.gnu.org/onlinedocs/gcc/Warning-Options.html#index-Wunused-parameter\x07-Wunused-parameter\x1b]8;;\x07\x1b[m\x1b[K]\n'}
[6.253875] (sllidar_ros2) StderrLine: {'line': b'   56 |         virtual void onDecodingError(int errMsg, _u8 ansType, \x1b[01;35m\x1b[Kconst void* payload\x1b[m\x1b[K, size_t size) {}\n'}
[6.253990] (sllidar_ros2) StderrLine: {'line': b'      |                                                               \x1b[01;35m\x1b[K~~~~~~~~~~~~^~~~~~~\x1b[m\x1b[K\n'}
[6.254104] (sllidar_ros2) StderrLine: {'line': b'\x1b[01m\x1b[K/home/marlboro/ws_diff_drive/src/sllidar_ros2/sdk/src/dataunpacker/unpacker/../dataunpacker.h:56:91:\x1b[m\x1b[K \x1b[01;35m\x1b[Kwarning: \x1b[m\x1b[Kunused parameter \xe2\x80\x98\x1b[01m\x1b[Ksize\x1b[m\x1b[K\xe2\x80\x99 [\x1b[01;35m\x1b[K\x1b]8;;https://gcc.gnu.org/onlinedocs/gcc/Warning-Options.html#index-Wunused-parameter\x07-Wunused-parameter\x1b]8;;\x07\x1b[m\x1b[K]\n'}
[6.254248] (sllidar_ros2) StderrLine: {'line': b'   56 |         virtual void onDecodingError(int errMsg, _u8 ansType, const void* payload, \x1b[01;35m\x1b[Ksize_t size\x1b[m\x1b[K) {}\n'}
[6.254362] (sllidar_ros2) StderrLine: {'line': b'      |                                                                                    \x1b[01;35m\x1b[K~~~~~~~^~~~\x1b[m\x1b[K\n'}
[6.335793] (-) TimerEvent: {}
[6.436544] (-) TimerEvent: {}
[6.524254] (sllidar_ros2) StderrLine: {'line': b'In file included from \x1b[01m\x1b[K/home/marlboro/ws_diff_drive/src/sllidar_ros2/./sdk/include/rplidar_protocol.h:36\x1b[m\x1b[K,\n'}
[6.524839] (sllidar_ros2) StderrLine: {'line': b'                 from \x1b[01m\x1b[K/home/marlboro/ws_diff_drive/src/sllidar_ros2/./sdk/include/rplidar.h:39\x1b[m\x1b[K,\n'}
[6.525013] (sllidar_ros2) StderrLine: {'line': b'                 from \x1b[01m\x1b[K/home/marlboro/ws_diff_drive/src/sllidar_ros2/./sdk/src/sdkcommon.h:49\x1b[m\x1b[K,\n'}
[6.525152] (sllidar_ros2) StderrLine: {'line': b'                 from \x1b[01m\x1b[K/home/marlboro/ws_diff_drive/src/sllidar_ros2/sdk/src/dataunpacker/unpacker/../dataunnpacker_commondef.h:41\x1b[m\x1b[K,\n'}
[6.525284] (sllidar_ros2) StderrLine: {'line': b'                 from \x1b[01m\x1b[K/home/marlboro/ws_diff_drive/src/sllidar_ros2/sdk/src/dataunpacker/unpacker/handler_normalnode.cpp:39\x1b[m\x1b[K:\n'}
[6.525411] (sllidar_ros2) StderrLine: {'line': b'\x1b[01m\x1b[K/home/marlboro/ws_diff_drive/src/sllidar_ros2/./sdk/include/sl_lidar_protocol.h:66:16:\x1b[m\x1b[K \x1b[01;35m\x1b[Kwarning: \x1b[m\x1b[KISO C++ forbids zero-size array \xe2\x80\x98\x1b[01m\x1b[Kdata\x1b[m\x1b[K\xe2\x80\x99 [\x1b[01;35m\x1b[K\x1b]8;;https://gcc.gnu.org/onlinedocs/gcc/Warning-Options.html#index-Wpedantic\x07-Wpedantic\x1b]8;;\x07\x1b[m\x1b[K]\n'}
[6.525842] (sllidar_ros2) StderrLine: {'line': b'   66 |     sl_u8 data[\x1b[01;35m\x1b[K0\x1b[m\x1b[K];\n'}
[6.526064] (sllidar_ros2) StderrLine: {'line': b'      |                \x1b[01;35m\x1b[K^\x1b[m\x1b[K\n'}
[6.526201] (sllidar_ros2) StderrLine: {'line': b'In file included from \x1b[01m\x1b[K/home/marlboro/ws_diff_drive/src/sllidar_ros2/./sdk/include/rplidar_cmd.h:36\x1b[m\x1b[K,\n'}
[6.526326] (sllidar_ros2) StderrLine: {'line': b'                 from \x1b[01m\x1b[K/home/marlboro/ws_diff_drive/src/sllidar_ros2/./sdk/include/rplidar.h:40\x1b[m\x1b[K,\n'}
[6.526444] (sllidar_ros2) StderrLine: {'line': b'                 from \x1b[01m\x1b[K/home/marlboro/ws_diff_drive/src/sllidar_ros2/./sdk/src/sdkcommon.h:49\x1b[m\x1b[K,\n'}
[6.526561] (sllidar_ros2) StderrLine: {'line': b'                 from \x1b[01m\x1b[K/home/marlboro/ws_diff_drive/src/sllidar_ros2/sdk/src/dataunpacker/unpacker/../dataunnpacker_commondef.h:41\x1b[m\x1b[K,\n'}
[6.526679] (sllidar_ros2) StderrLine: {'line': b'                 from \x1b[01m\x1b[K/home/marlboro/ws_diff_drive/src/sllidar_ros2/sdk/src/dataunpacker/unpacker/handler_normalnode.cpp:39\x1b[m\x1b[K:\n'}
[6.526831] (sllidar_ros2) StderrLine: {'line': b'\x1b[01m\x1b[K/home/marlboro/ws_diff_drive/src/sllidar_ros2/./sdk/include/sl_lidar_cmd.h:324:20:\x1b[m\x1b[K \x1b[01;35m\x1b[Kwarning: \x1b[m\x1b[KISO C++ forbids zero-size array \xe2\x80\x98\x1b[01m\x1b[Kpayload\x1b[m\x1b[K\xe2\x80\x99 [\x1b[01;35m\x1b[K\x1b]8;;https://gcc.gnu.org/onlinedocs/gcc/Warning-Options.html#index-Wpedantic\x07-Wpedantic\x1b]8;;\x07\x1b[m\x1b[K]\n'}
[6.526985] (sllidar_ros2) StderrLine: {'line': b'  324 |     sl_u8  payload[\x1b[01;35m\x1b[K0\x1b[m\x1b[K];\n'}
[6.527104] (sllidar_ros2) StderrLine: {'line': b'      |                    \x1b[01;35m\x1b[K^\x1b[m\x1b[K\n'}
[6.536748] (-) TimerEvent: {}
[6.637469] (-) TimerEvent: {}
[6.662698] (sllidar_ros2) StdoutLine: {'line': b'[ 60%] \x1b[32mBuilding CXX object CMakeFiles/sllidar_node.dir/sdk/src/sl_async_transceiver.cpp.o\x1b[0m\n'}
[6.737687] (-) TimerEvent: {}
[6.840159] (-) TimerEvent: {}
[6.863757] (sllidar_ros2) StderrLine: {'line': b'In file included from \x1b[01m\x1b[K/home/marlboro/ws_diff_drive/src/sllidar_ros2/./sdk/include/rplidar_protocol.h:36\x1b[m\x1b[K,\n'}
[6.864464] (sllidar_ros2) StderrLine: {'line': b'                 from \x1b[01m\x1b[K/home/marlboro/ws_diff_drive/src/sllidar_ros2/./sdk/include/rplidar.h:39\x1b[m\x1b[K,\n'}
[6.864952] (sllidar_ros2) StderrLine: {'line': b'                 from \x1b[01m\x1b[K/home/marlboro/ws_diff_drive/src/sllidar_ros2/sdk/src/sdkcommon.h:49\x1b[m\x1b[K,\n'}
[6.865184] (sllidar_ros2) StderrLine: {'line': b'                 from \x1b[01m\x1b[K/home/marlboro/ws_diff_drive/src/sllidar_ros2/sdk/src/rplidar_driver.cpp:33\x1b[m\x1b[K:\n'}
[6.865390] (sllidar_ros2) StderrLine: {'line': b'\x1b[01m\x1b[K/home/marlboro/ws_diff_drive/src/sllidar_ros2/./sdk/include/sl_lidar_protocol.h:66:16:\x1b[m\x1b[K \x1b[01;35m\x1b[Kwarning: \x1b[m\x1b[KISO C++ forbids zero-size array \xe2\x80\x98\x1b[01m\x1b[Kdata\x1b[m\x1b[K\xe2\x80\x99 [\x1b[01;35m\x1b[K\x1b]8;;https://gcc.gnu.org/onlinedocs/gcc/Warning-Options.html#index-Wpedantic\x07-Wpedantic\x1b]8;;\x07\x1b[m\x1b[K]\n'}
[6.865625] (sllidar_ros2) StderrLine: {'line': b'   66 |     sl_u8 data[\x1b[01;35m\x1b[K0\x1b[m\x1b[K];\n'}
[6.865853] (sllidar_ros2) StderrLine: {'line': b'      |                \x1b[01;35m\x1b[K^\x1b[m\x1b[K\n'}
[6.866040] (sllidar_ros2) StderrLine: {'line': b'In file included from \x1b[01m\x1b[K/home/marlboro/ws_diff_drive/src/sllidar_ros2/./sdk/include/rplidar_cmd.h:36\x1b[m\x1b[K,\n'}
[6.866214] (sllidar_ros2) StderrLine: {'line': b'                 from \x1b[01m\x1b[K/home/marlboro/ws_diff_drive/src/sllidar_ros2/./sdk/include/rplidar.h:40\x1b[m\x1b[K,\n'}
[6.867258] (sllidar_ros2) StderrLine: {'line': b'                 from \x1b[01m\x1b[K/home/marlboro/ws_diff_drive/src/sllidar_ros2/sdk/src/sdkcommon.h:49\x1b[m\x1b[K,\n'}
[6.868084] (sllidar_ros2) StderrLine: {'line': b'                 from \x1b[01m\x1b[K/home/marlboro/ws_diff_drive/src/sllidar_ros2/sdk/src/rplidar_driver.cpp:33\x1b[m\x1b[K:\n'}
[6.868264] (sllidar_ros2) StderrLine: {'line': b'\x1b[01m\x1b[K/home/marlboro/ws_diff_drive/src/sllidar_ros2/./sdk/include/sl_lidar_cmd.h:324:20:\x1b[m\x1b[K \x1b[01;35m\x1b[Kwarning: \x1b[m\x1b[KISO C++ forbids zero-size array \xe2\x80\x98\x1b[01m\x1b[Kpayload\x1b[m\x1b[K\xe2\x80\x99 [\x1b[01;35m\x1b[K\x1b]8;;https://gcc.gnu.org/onlinedocs/gcc/Warning-Options.html#index-Wpedantic\x07-Wpedantic\x1b]8;;\x07\x1b[m\x1b[K]\n'}
[6.868408] (sllidar_ros2) StderrLine: {'line': b'  324 |     sl_u8  payload[\x1b[01;35m\x1b[K0\x1b[m\x1b[K];\n'}
[6.868534] (sllidar_ros2) StderrLine: {'line': b'      |                    \x1b[01;35m\x1b[K^\x1b[m\x1b[K\n'}
[6.877443] (sllidar_ros2) StderrLine: {'line': b'In file included from \x1b[01m\x1b[K/home/marlboro/ws_diff_drive/src/sllidar_ros2/./sdk/include/rplidar_protocol.h:36\x1b[m\x1b[K,\n'}
[6.877923] (sllidar_ros2) StderrLine: {'line': b'                 from \x1b[01m\x1b[K/home/marlboro/ws_diff_drive/src/sllidar_ros2/./sdk/include/rplidar.h:39\x1b[m\x1b[K,\n'}
[6.878093] (sllidar_ros2) StderrLine: {'line': b'                 from \x1b[01m\x1b[K/home/marlboro/ws_diff_drive/src/sllidar_ros2/./sdk/src/sdkcommon.h:49\x1b[m\x1b[K,\n'}
[6.878227] (sllidar_ros2) StderrLine: {'line': b'                 from \x1b[01m\x1b[K/home/marlboro/ws_diff_drive/src/sllidar_ros2/sdk/src/hal/thread.cpp:35\x1b[m\x1b[K:\n'}
[6.878542] (sllidar_ros2) StderrLine: {'line': b'\x1b[01m\x1b[K/home/marlboro/ws_diff_drive/src/sllidar_ros2/./sdk/include/sl_lidar_protocol.h:66:16:\x1b[m\x1b[K \x1b[01;35m\x1b[Kwarning: \x1b[m\x1b[KISO C++ forbids zero-size array \xe2\x80\x98\x1b[01m\x1b[Kdata\x1b[m\x1b[K\xe2\x80\x99 [\x1b[01;35m\x1b[K\x1b]8;;https://gcc.gnu.org/onlinedocs/gcc/Warning-Options.html#index-Wpedantic\x07-Wpedantic\x1b]8;;\x07\x1b[m\x1b[K]\n'}
[6.878691] (sllidar_ros2) StderrLine: {'line': b'   66 |     sl_u8 data[\x1b[01;35m\x1b[K0\x1b[m\x1b[K];\n'}
[6.878856] (sllidar_ros2) StderrLine: {'line': b'      |                \x1b[01;35m\x1b[K^\x1b[m\x1b[K\n'}
[6.879022] (sllidar_ros2) StderrLine: {'line': b'In file included from \x1b[01m\x1b[K/home/marlboro/ws_diff_drive/src/sllidar_ros2/./sdk/include/rplidar_cmd.h:36\x1b[m\x1b[K,\n'}
[6.879142] (sllidar_ros2) StderrLine: {'line': b'                 from \x1b[01m\x1b[K/home/marlboro/ws_diff_drive/src/sllidar_ros2/./sdk/include/rplidar.h:40\x1b[m\x1b[K,\n'}
[6.879257] (sllidar_ros2) StderrLine: {'line': b'                 from \x1b[01m\x1b[K/home/marlboro/ws_diff_drive/src/sllidar_ros2/./sdk/src/sdkcommon.h:49\x1b[m\x1b[K,\n'}
[6.879369] (sllidar_ros2) StderrLine: {'line': b'                 from \x1b[01m\x1b[K/home/marlboro/ws_diff_drive/src/sllidar_ros2/sdk/src/hal/thread.cpp:35\x1b[m\x1b[K:\n'}
[6.879505] (sllidar_ros2) StderrLine: {'line': b'\x1b[01m\x1b[K/home/marlboro/ws_diff_drive/src/sllidar_ros2/./sdk/include/sl_lidar_cmd.h:324:20:\x1b[m\x1b[K \x1b[01;35m\x1b[Kwarning: \x1b[m\x1b[KISO C++ forbids zero-size array \xe2\x80\x98\x1b[01m\x1b[Kpayload\x1b[m\x1b[K\xe2\x80\x99 [\x1b[01;35m\x1b[K\x1b]8;;https://gcc.gnu.org/onlinedocs/gcc/Warning-Options.html#index-Wpedantic\x07-Wpedantic\x1b]8;;\x07\x1b[m\x1b[K]\n'}
[6.879631] (sllidar_ros2) StderrLine: {'line': b'  324 |     sl_u8  payload[\x1b[01;35m\x1b[K0\x1b[m\x1b[K];\n'}
[6.879747] (sllidar_ros2) StderrLine: {'line': b'      |                    \x1b[01;35m\x1b[K^\x1b[m\x1b[K\n'}
[6.941557] (-) TimerEvent: {}
[6.946328] (sllidar_ros2) StderrLine: {'line': b'In file included from \x1b[01m\x1b[K/home/marlboro/ws_diff_drive/src/sllidar_ros2/sdk/src/dataunpacker/unpacker/handler_normalnode.cpp:40\x1b[m\x1b[K:\n'}
[6.946857] (sllidar_ros2) StderrLine: {'line': b'\x1b[01m\x1b[K/home/marlboro/ws_diff_drive/src/sllidar_ros2/sdk/src/dataunpacker/unpacker/../dataunpacker.h:\x1b[m\x1b[K In member function \xe2\x80\x98\x1b[01m\x1b[Kvirtual void sl::internal::LIDARSampleDataListener::onCustomSampleDataDecoded(_u8, _u32, const void*, size_t)\x1b[m\x1b[K\xe2\x80\x99:\n'}
[6.947090] (sllidar_ros2) StderrLine: {'line': b'\x1b[01m\x1b[K/home/marlboro/ws_diff_drive/src/sllidar_ros2/sdk/src/dataunpacker/unpacker/../dataunpacker.h:54:52:\x1b[m\x1b[K \x1b[01;35m\x1b[Kwarning: \x1b[m\x1b[Kunused parameter \xe2\x80\x98\x1b[01m\x1b[KansType\x1b[m\x1b[K\xe2\x80\x99 [\x1b[01;35m\x1b[K\x1b]8;;https://gcc.gnu.org/onlinedocs/gcc/Warning-Options.html#index-Wunused-parameter\x07-Wunused-parameter\x1b]8;;\x07\x1b[m\x1b[K]\n'}
[6.947248] (sllidar_ros2) StderrLine: {'line': b'   54 |         virtual void onCustomSampleDataDecoded(\x1b[01;35m\x1b[K_u8 ansType\x1b[m\x1b[K, _u32 customCode, const void* data, size_t size) {}\n'}
[6.947385] (sllidar_ros2) StderrLine: {'line': b'      |                                                \x1b[01;35m\x1b[K~~~~^~~~~~~\x1b[m\x1b[K\n'}
[6.947512] (sllidar_ros2) StderrLine: {'line': b'\x1b[01m\x1b[K/home/marlboro/ws_diff_drive/src/sllidar_ros2/sdk/src/dataunpacker/unpacker/../dataunpacker.h:54:66:\x1b[m\x1b[K \x1b[01;35m\x1b[Kwarning: \x1b[m\x1b[Kunused parameter \xe2\x80\x98\x1b[01m\x1b[KcustomCode\x1b[m\x1b[K\xe2\x80\x99 [\x1b[01;35m\x1b[K\x1b]8;;https://gcc.gnu.org/onlinedocs/gcc/Warning-Options.html#index-Wunused-parameter\x07-Wunused-parameter\x1b]8;;\x07\x1b[m\x1b[K]\n'}
[6.947663] (sllidar_ros2) StderrLine: {'line': b'   54 |         virtual void onCustomSampleDataDecoded(_u8 ansType, \x1b[01;35m\x1b[K_u32 customCode\x1b[m\x1b[K, const void* data, size_t size) {}\n'}
[6.947790] (sllidar_ros2) StderrLine: {'line': b'      |                                                             \x1b[01;35m\x1b[K~~~~~^~~~~~~~~~\x1b[m\x1b[K\n'}
[6.947910] (sllidar_ros2) StderrLine: {'line': b'\x1b[01m\x1b[K/home/marlboro/ws_diff_drive/src/sllidar_ros2/sdk/src/dataunpacker/unpacker/../dataunpacker.h:54:90:\x1b[m\x1b[K \x1b[01;35m\x1b[Kwarning: \x1b[m\x1b[Kunused parameter \xe2\x80\x98\x1b[01m\x1b[Kdata\x1b[m\x1b[K\xe2\x80\x99 [\x1b[01;35m\x1b[K\x1b]8;;https://gcc.gnu.org/onlinedocs/gcc/Warning-Options.html#index-Wunused-parameter\x07-Wunused-parameter\x1b]8;;\x07\x1b[m\x1b[K]\n'}
[6.948032] (sllidar_ros2) StderrLine: {'line': b'   54 |         virtual void onCustomSampleDataDecoded(_u8 ansType, _u32 customCode, \x1b[01;35m\x1b[Kconst void* data\x1b[m\x1b[K, size_t size) {}\n'}
[6.948168] (sllidar_ros2) StderrLine: {'line': b'      |                                                                              \x1b[01;35m\x1b[K~~~~~~~~~~~~^~~~\x1b[m\x1b[K\n'}
[6.948285] (sllidar_ros2) StderrLine: {'line': b'\x1b[01m\x1b[K/home/marlboro/ws_diff_drive/src/sllidar_ros2/sdk/src/dataunpacker/unpacker/../dataunpacker.h:54:103:\x1b[m\x1b[K \x1b[01;35m\x1b[Kwarning: \x1b[m\x1b[Kunused parameter \xe2\x80\x98\x1b[01m\x1b[Ksize\x1b[m\x1b[K\xe2\x80\x99 [\x1b[01;35m\x1b[K\x1b]8;;https://gcc.gnu.org/onlinedocs/gcc/Warning-Options.html#index-Wunused-parameter\x07-Wunused-parameter\x1b]8;;\x07\x1b[m\x1b[K]\n'}
[6.948403] (sllidar_ros2) StderrLine: {'line': b'   54 |         virtual void onCustomSampleDataDecoded(_u8 ansType, _u32 customCode, const void* data, \x1b[01;35m\x1b[Ksize_t size\x1b[m\x1b[K) {}\n'}
[6.948516] (sllidar_ros2) StderrLine: {'line': b'      |                                                                                                \x1b[01;35m\x1b[K~~~~~~~^~~~\x1b[m\x1b[K\n'}
[6.948629] (sllidar_ros2) StderrLine: {'line': b'\x1b[01m\x1b[K/home/marlboro/ws_diff_drive/src/sllidar_ros2/sdk/src/dataunpacker/unpacker/../dataunpacker.h:\x1b[m\x1b[K In member function \xe2\x80\x98\x1b[01m\x1b[Kvirtual void sl::internal::LIDARSampleDataListener::onDecodingError(int, _u8, const void*, size_t)\x1b[m\x1b[K\xe2\x80\x99:\n'}
[6.948750] (sllidar_ros2) StderrLine: {'line': b'\x1b[01m\x1b[K/home/marlboro/ws_diff_drive/src/sllidar_ros2/sdk/src/dataunpacker/unpacker/../dataunpacker.h:56:42:\x1b[m\x1b[K \x1b[01;35m\x1b[Kwarning: \x1b[m\x1b[Kunused parameter \xe2\x80\x98\x1b[01m\x1b[KerrMsg\x1b[m\x1b[K\xe2\x80\x99 [\x1b[01;35m\x1b[K\x1b]8;;https://gcc.gnu.org/onlinedocs/gcc/Warning-Options.html#index-Wunused-parameter\x07-Wunused-parameter\x1b]8;;\x07\x1b[m\x1b[K]\n'}
[6.948865] (sllidar_ros2) StderrLine: {'line': b'   56 |         virtual void onDecodingError(\x1b[01;35m\x1b[Kint errMsg\x1b[m\x1b[K, _u8 ansType, const void* payload, size_t size) {}\n'}
[6.948977] (sllidar_ros2) StderrLine: {'line': b'      |                                      \x1b[01;35m\x1b[K~~~~^~~~~~\x1b[m\x1b[K\n'}
[6.949089] (sllidar_ros2) StderrLine: {'line': b'\x1b[01m\x1b[K/home/marlboro/ws_diff_drive/src/sllidar_ros2/sdk/src/dataunpacker/unpacker/../dataunpacker.h:56:54:\x1b[m\x1b[K \x1b[01;35m\x1b[Kwarning: \x1b[m\x1b[Kunused parameter \xe2\x80\x98\x1b[01m\x1b[KansType\x1b[m\x1b[K\xe2\x80\x99 [\x1b[01;35m\x1b[K\x1b]8;;https://gcc.gnu.org/onlinedocs/gcc/Warning-Options.html#index-Wunused-parameter\x07-Wunused-parameter\x1b]8;;\x07\x1b[m\x1b[K]\n'}
[6.949228] (sllidar_ros2) StderrLine: {'line': b'   56 |         virtual void onDecodingError(int errMsg, \x1b[01;35m\x1b[K_u8 ansType\x1b[m\x1b[K, const void* payload, size_t size) {}\n'}
[6.949343] (sllidar_ros2) StderrLine: {'line': b'      |                                                  \x1b[01;35m\x1b[K~~~~^~~~~~~\x1b[m\x1b[K\n'}
[6.949453] (sllidar_ros2) StderrLine: {'line': b'\x1b[01m\x1b[K/home/marlboro/ws_diff_drive/src/sllidar_ros2/sdk/src/dataunpacker/unpacker/../dataunpacker.h:56:75:\x1b[m\x1b[K \x1b[01;35m\x1b[Kwarning: \x1b[m\x1b[Kunused parameter \xe2\x80\x98\x1b[01m\x1b[Kpayload\x1b[m\x1b[K\xe2\x80\x99 [\x1b[01;35m\x1b[K\x1b]8;;https://gcc.gnu.org/onlinedocs/gcc/Warning-Options.html#index-Wunused-parameter\x07-Wunused-parameter\x1b]8;;\x07\x1b[m\x1b[K]\n'}
[6.949580] (sllidar_ros2) StderrLine: {'line': b'   56 |         virtual void onDecodingError(int errMsg, _u8 ansType, \x1b[01;35m\x1b[Kconst void* payload\x1b[m\x1b[K, size_t size) {}\n'}
[6.949692] (sllidar_ros2) StderrLine: {'line': b'      |                                                               \x1b[01;35m\x1b[K~~~~~~~~~~~~^~~~~~~\x1b[m\x1b[K\n'}
[6.949825] (sllidar_ros2) StderrLine: {'line': b'\x1b[01m\x1b[K/home/marlboro/ws_diff_drive/src/sllidar_ros2/sdk/src/dataunpacker/unpacker/../dataunpacker.h:56:91:\x1b[m\x1b[K \x1b[01;35m\x1b[Kwarning: \x1b[m\x1b[Kunused parameter \xe2\x80\x98\x1b[01m\x1b[Ksize\x1b[m\x1b[K\xe2\x80\x99 [\x1b[01;35m\x1b[K\x1b]8;;https://gcc.gnu.org/onlinedocs/gcc/Warning-Options.html#index-Wunused-parameter\x07-Wunused-parameter\x1b]8;;\x07\x1b[m\x1b[K]\n'}
[6.949960] (sllidar_ros2) StderrLine: {'line': b'   56 |         virtual void onDecodingError(int errMsg, _u8 ansType, const void* payload, \x1b[01;35m\x1b[Ksize_t size\x1b[m\x1b[K) {}\n'}
[6.950073] (sllidar_ros2) StderrLine: {'line': b'      |                                                                                    \x1b[01;35m\x1b[K~~~~~~~^~~~\x1b[m\x1b[K\n'}
[7.013468] (sllidar_ros2) StderrLine: {'line': b'In file included from \x1b[01m\x1b[K/home/marlboro/ws_diff_drive/src/sllidar_ros2/sdk/src/hal/thread.cpp:43\x1b[m\x1b[K:\n'}
[7.013968] (sllidar_ros2) StderrLine: {'line': b'\x1b[01m\x1b[K/home/marlboro/ws_diff_drive/src/sllidar_ros2/./sdk/src/arch/linux/thread.hpp:\x1b[m\x1b[K In static member function \xe2\x80\x98\x1b[01m\x1b[Kstatic rp::hal::Thread rp::hal::Thread::create(thread_proc_t, void*)\x1b[m\x1b[K\xe2\x80\x99:\n'}
[7.014171] (sllidar_ros2) StderrLine: {'line': b'\x1b[01m\x1b[K/home/marlboro/ws_diff_drive/src/sllidar_ros2/./sdk/src/arch/linux/thread.hpp:52:57:\x1b[m\x1b[K \x1b[01;35m\x1b[Kwarning: \x1b[m\x1b[Kcast between incompatible function types from \xe2\x80\x98\x1b[01m\x1b[Kthread_proc_t\x1b[m\x1b[K\xe2\x80\x99 {aka \xe2\x80\x98\x1b[01m\x1b[Klong unsigned int (*)(void*)\x1b[m\x1b[K\xe2\x80\x99} to \xe2\x80\x98\x1b[01m\x1b[Kvoid* (*)(void*)\x1b[m\x1b[K\xe2\x80\x99 [\x1b[01;35m\x1b[K\x1b]8;;https://gcc.gnu.org/onlinedocs/gcc/Warning-Options.html#index-Wcast-function-type\x07-Wcast-function-type\x1b]8;;\x07\x1b[m\x1b[K]\n'}
[7.014335] (sllidar_ros2) StderrLine: {'line': b'   52 |     pthread_create((pthread_t *)&newborn._handle, NULL, \x1b[01;35m\x1b[K(void * (*)(void *))proc\x1b[m\x1b[K, data);\n'}
[7.014475] (sllidar_ros2) StderrLine: {'line': b'      |                                                         \x1b[01;35m\x1b[K^~~~~~~~~~~~~~~~~~~~~~~~\x1b[m\x1b[K\n'}
[7.015288] (sllidar_ros2) StderrLine: {'line': b'\x1b[01m\x1b[K/home/marlboro/ws_diff_drive/src/sllidar_ros2/./sdk/src/arch/linux/thread.hpp:\x1b[m\x1b[K In member function \xe2\x80\x98\x1b[01m\x1b[Ku_result rp::hal::Thread::join(long unsigned int)\x1b[m\x1b[K\xe2\x80\x99:\n'}
[7.015550] (sllidar_ros2) StderrLine: {'line': b'\x1b[01m\x1b[K/home/marlboro/ws_diff_drive/src/sllidar_ros2/./sdk/src/arch/linux/thread.hpp:176:37:\x1b[m\x1b[K \x1b[01;35m\x1b[Kwarning: \x1b[m\x1b[Kunused parameter \xe2\x80\x98\x1b[01m\x1b[Ktimeout\x1b[m\x1b[K\xe2\x80\x99 [\x1b[01;35m\x1b[K\x1b]8;;https://gcc.gnu.org/onlinedocs/gcc/Warning-Options.html#index-Wunused-parameter\x07-Wunused-parameter\x1b]8;;\x07\x1b[m\x1b[K]\n'}
[7.015710] (sllidar_ros2) StderrLine: {'line': b'  176 | u_result Thread::join(\x1b[01;35m\x1b[Kunsigned long timeout\x1b[m\x1b[K)\n'}
[7.015847] (sllidar_ros2) StderrLine: {'line': b'      |                       \x1b[01;35m\x1b[K~~~~~~~~~~~~~~^~~~~~~\x1b[m\x1b[K\n'}
[7.041736] (-) TimerEvent: {}
[7.142457] (-) TimerEvent: {}
[7.243291] (-) TimerEvent: {}
[7.267333] (sllidar_ros2) StderrLine: {'line': b'\x1b[01m\x1b[K/home/marlboro/ws_diff_drive/src/sllidar_ros2/sdk/src/rplidar_driver.cpp:\x1b[m\x1b[K In member function \xe2\x80\x98\x1b[01m\x1b[Ku_result rp::standalone::rplidar::RPlidarDriver::connect(const char*, _u32, _u32)\x1b[m\x1b[K\xe2\x80\x99:\n'}
[7.268118] (sllidar_ros2) StderrLine: {'line': b'\x1b[01m\x1b[K/home/marlboro/ws_diff_drive/src/sllidar_ros2/sdk/src/rplidar_driver.cpp:67:77:\x1b[m\x1b[K \x1b[01;35m\x1b[Kwarning: \x1b[m\x1b[Kunused parameter \xe2\x80\x98\x1b[01m\x1b[Kflag\x1b[m\x1b[K\xe2\x80\x99 [\x1b[01;35m\x1b[K\x1b]8;;https://gcc.gnu.org/onlinedocs/gcc/Warning-Options.html#index-Wunused-parameter\x07-Wunused-parameter\x1b]8;;\x07\x1b[m\x1b[K]\n'}
[7.268383] (sllidar_ros2) StderrLine: {'line': b'   67 |     u_result RPlidarDriver::connect(const char *path, _u32 portOrBaud, \x1b[01;35m\x1b[K_u32 flag\x1b[m\x1b[K)\n'}
[7.268546] (sllidar_ros2) StderrLine: {'line': b'      |                                                                        \x1b[01;35m\x1b[K~~~~~^~~~\x1b[m\x1b[K\n'}
[7.268786] (sllidar_ros2) StderrLine: {'line': b'\x1b[01m\x1b[K/home/marlboro/ws_diff_drive/src/sllidar_ros2/sdk/src/rplidar_driver.cpp:\x1b[m\x1b[K In member function \xe2\x80\x98\x1b[01m\x1b[Ku_result rp::standalone::rplidar::RPlidarDriver::reset(_u32)\x1b[m\x1b[K\xe2\x80\x99:\n'}
[7.268929] (sllidar_ros2) StderrLine: {'line': b'\x1b[01m\x1b[K/home/marlboro/ws_diff_drive/src/sllidar_ros2/sdk/src/rplidar_driver.cpp:101:40:\x1b[m\x1b[K \x1b[01;35m\x1b[Kwarning: \x1b[m\x1b[Kunused parameter \xe2\x80\x98\x1b[01m\x1b[Ktimeout\x1b[m\x1b[K\xe2\x80\x99 [\x1b[01;35m\x1b[K\x1b]8;;https://gcc.gnu.org/onlinedocs/gcc/Warning-Options.html#index-Wunused-parameter\x07-Wunused-parameter\x1b]8;;\x07\x1b[m\x1b[K]\n'}
[7.269085] (sllidar_ros2) StderrLine: {'line': b'  101 |     u_result RPlidarDriver::reset(\x1b[01;35m\x1b[K_u32 timeout\x1b[m\x1b[K)\n'}
[7.269209] (sllidar_ros2) StderrLine: {'line': b'      |                                   \x1b[01;35m\x1b[K~~~~~^~~~~~~\x1b[m\x1b[K\n'}
[7.269514] (sllidar_ros2) StderrLine: {'line': b'\x1b[01m\x1b[K/home/marlboro/ws_diff_drive/src/sllidar_ros2/sdk/src/rplidar_driver.cpp:\x1b[m\x1b[K In member function \xe2\x80\x98\x1b[01m\x1b[Ku_result rp::standalone::rplidar::RPlidarDriver::getScanDataWithInterval(rplidar_response_measurement_node_t*, size_t&)\x1b[m\x1b[K\xe2\x80\x99:\n'}
[7.269671] (sllidar_ros2) StderrLine: {'line': b'\x1b[01m\x1b[K/home/marlboro/ws_diff_drive/src/sllidar_ros2/sdk/src/rplidar_driver.cpp:180:91:\x1b[m\x1b[K \x1b[01;35m\x1b[Kwarning: \x1b[m\x1b[Kunused parameter \xe2\x80\x98\x1b[01m\x1b[Knodebuffer\x1b[m\x1b[K\xe2\x80\x99 [\x1b[01;35m\x1b[K\x1b]8;;https://gcc.gnu.org/onlinedocs/gcc/Warning-Options.html#index-Wunused-parameter\x07-Wunused-parameter\x1b]8;;\x07\x1b[m\x1b[K]\n'}
[7.269804] (sllidar_ros2) StderrLine: {'line': b'  180 |     u_result RPlidarDriver::getScanDataWithInterval(\x1b[01;35m\x1b[Krplidar_response_measurement_node_t * nodebuffer\x1b[m\x1b[K, size_t & count)\n'}
[7.270027] (sllidar_ros2) StderrLine: {'line': b'      |                                                     \x1b[01;35m\x1b[K~~~~~~~~~~~~~~~~~~~~~~~~~~~~~~~~~~~~~~^~~~~~~~~~\x1b[m\x1b[K\n'}
[7.270169] (sllidar_ros2) StderrLine: {'line': b'\x1b[01m\x1b[K/home/marlboro/ws_diff_drive/src/sllidar_ros2/sdk/src/rplidar_driver.cpp:180:112:\x1b[m\x1b[K \x1b[01;35m\x1b[Kwarning: \x1b[m\x1b[Kunused parameter \xe2\x80\x98\x1b[01m\x1b[Kcount\x1b[m\x1b[K\xe2\x80\x99 [\x1b[01;35m\x1b[K\x1b]8;;https://gcc.gnu.org/onlinedocs/gcc/Warning-Options.html#index-Wunused-parameter\x07-Wunused-parameter\x1b]8;;\x07\x1b[m\x1b[K]\n'}
[7.270312] (sllidar_ros2) StderrLine: {'line': b'  180 |     u_result RPlidarDriver::getScanDataWithInterval(rplidar_response_measurement_node_t * nodebuffer, \x1b[01;35m\x1b[Ksize_t & count\x1b[m\x1b[K)\n'}
[7.270438] (sllidar_ros2) StderrLine: {'line': b'      |                                                                                                       \x1b[01;35m\x1b[K~~~~~~~~~^~~~~\x1b[m\x1b[K\n'}
[7.270966] (sllidar_ros2) StdoutLine: {'line': b'[ 65%] \x1b[32mBuilding CXX object CMakeFiles/sllidar_node.dir/sdk/src/sl_crc.cpp.o\x1b[0m\n'}
[7.328891] (sllidar_ros2) StderrLine: {'line': b'In file included from \x1b[01m\x1b[K/home/marlboro/ws_diff_drive/src/sllidar_ros2/./sdk/include/sl_lidar_cmd.h:41\x1b[m\x1b[K,\n'}
[7.329399] (sllidar_ros2) StderrLine: {'line': b'                 from \x1b[01m\x1b[K/home/marlboro/ws_diff_drive/src/sllidar_ros2/./sdk/include/sl_crc.h:36\x1b[m\x1b[K,\n'}
[7.329614] (sllidar_ros2) StderrLine: {'line': b'                 from \x1b[01m\x1b[K/home/marlboro/ws_diff_drive/src/sllidar_ros2/sdk/src/sl_crc.cpp:33\x1b[m\x1b[K:\n'}
[7.329769] (sllidar_ros2) StderrLine: {'line': b'\x1b[01m\x1b[K/home/marlboro/ws_diff_drive/src/sllidar_ros2/./sdk/include/sl_lidar_protocol.h:66:16:\x1b[m\x1b[K \x1b[01;35m\x1b[Kwarning: \x1b[m\x1b[KISO C++ forbids zero-size array \xe2\x80\x98\x1b[01m\x1b[Kdata\x1b[m\x1b[K\xe2\x80\x99 [\x1b[01;35m\x1b[K\x1b]8;;https://gcc.gnu.org/onlinedocs/gcc/Warning-Options.html#index-Wpedantic\x07-Wpedantic\x1b]8;;\x07\x1b[m\x1b[K]\n'}
[7.329974] (sllidar_ros2) StderrLine: {'line': b'   66 |     sl_u8 data[\x1b[01;35m\x1b[K0\x1b[m\x1b[K];\n'}
[7.330110] (sllidar_ros2) StderrLine: {'line': b'      |                \x1b[01;35m\x1b[K^\x1b[m\x1b[K\n'}
[7.330388] (sllidar_ros2) StderrLine: {'line': b'In file included from \x1b[01m\x1b[K/home/marlboro/ws_diff_drive/src/sllidar_ros2/./sdk/include/sl_crc.h:36\x1b[m\x1b[K,\n'}
[7.330540] (sllidar_ros2) StderrLine: {'line': b'                 from \x1b[01m\x1b[K/home/marlboro/ws_diff_drive/src/sllidar_ros2/sdk/src/sl_crc.cpp:33\x1b[m\x1b[K:\n'}
[7.330666] (sllidar_ros2) StderrLine: {'line': b'\x1b[01m\x1b[K/home/marlboro/ws_diff_drive/src/sllidar_ros2/./sdk/include/sl_lidar_cmd.h:324:20:\x1b[m\x1b[K \x1b[01;35m\x1b[Kwarning: \x1b[m\x1b[KISO C++ forbids zero-size array \xe2\x80\x98\x1b[01m\x1b[Kpayload\x1b[m\x1b[K\xe2\x80\x99 [\x1b[01;35m\x1b[K\x1b]8;;https://gcc.gnu.org/onlinedocs/gcc/Warning-Options.html#index-Wpedantic\x07-Wpedantic\x1b]8;;\x07\x1b[m\x1b[K]\n'}
[7.330822] (sllidar_ros2) StderrLine: {'line': b'  324 |     sl_u8  payload[\x1b[01;35m\x1b[K0\x1b[m\x1b[K];\n'}
[7.330946] (sllidar_ros2) StderrLine: {'line': b'      |                    \x1b[01;35m\x1b[K^\x1b[m\x1b[K\n'}
[7.333777] (sllidar_ros2) StdoutLine: {'line': b'[ 70%] \x1b[32mBuilding CXX object CMakeFiles/sllidar_node.dir/sdk/src/sl_lidar_driver.cpp.o\x1b[0m\n'}
[7.343484] (-) TimerEvent: {}
[7.400249] (sllidar_ros2) StdoutLine: {'line': b'[ 75%] \x1b[32mBuilding CXX object CMakeFiles/sllidar_node.dir/sdk/src/sl_lidarprotocol_codec.cpp.o\x1b[0m\n'}
[7.443686] (-) TimerEvent: {}
[7.504023] (sllidar_ros2) StdoutLine: {'line': b'[ 80%] \x1b[32mBuilding CXX object CMakeFiles/sllidar_node.dir/sdk/src/sl_serial_channel.cpp.o\x1b[0m\n'}
[7.543870] (-) TimerEvent: {}
[7.644578] (-) TimerEvent: {}
[7.745306] (-) TimerEvent: {}
[7.828234] (sllidar_ros2) StderrLine: {'line': b'In file included from \x1b[01m\x1b[K/home/marlboro/ws_diff_drive/src/sllidar_ros2/./sdk/include/rplidar_protocol.h:36\x1b[m\x1b[K,\n'}
[7.828730] (sllidar_ros2) StderrLine: {'line': b'                 from \x1b[01m\x1b[K/home/marlboro/ws_diff_drive/src/sllidar_ros2/./sdk/include/rplidar.h:39\x1b[m\x1b[K,\n'}
[7.828918] (sllidar_ros2) StderrLine: {'line': b'                 from \x1b[01m\x1b[K/home/marlboro/ws_diff_drive/src/sllidar_ros2/sdk/src/sdkcommon.h:49\x1b[m\x1b[K,\n'}
[7.829065] (sllidar_ros2) StderrLine: {'line': b'                 from \x1b[01m\x1b[K/home/marlboro/ws_diff_drive/src/sllidar_ros2/sdk/src/sl_async_transceiver.cpp:35\x1b[m\x1b[K:\n'}
[7.829199] (sllidar_ros2) StderrLine: {'line': b'\x1b[01m\x1b[K/home/marlboro/ws_diff_drive/src/sllidar_ros2/./sdk/include/sl_lidar_protocol.h:66:16:\x1b[m\x1b[K \x1b[01;35m\x1b[Kwarning: \x1b[m\x1b[KISO C++ forbids zero-size array \xe2\x80\x98\x1b[01m\x1b[Kdata\x1b[m\x1b[K\xe2\x80\x99 [\x1b[01;35m\x1b[K\x1b]8;;https://gcc.gnu.org/onlinedocs/gcc/Warning-Options.html#index-Wpedantic\x07-Wpedantic\x1b]8;;\x07\x1b[m\x1b[K]\n'}
[7.829341] (sllidar_ros2) StderrLine: {'line': b'   66 |     sl_u8 data[\x1b[01;35m\x1b[K0\x1b[m\x1b[K];\n'}
[7.829463] (sllidar_ros2) StderrLine: {'line': b'      |                \x1b[01;35m\x1b[K^\x1b[m\x1b[K\n'}
[7.829744] (sllidar_ros2) StderrLine: {'line': b'In file included from \x1b[01m\x1b[K/home/marlboro/ws_diff_drive/src/sllidar_ros2/./sdk/include/rplidar_cmd.h:36\x1b[m\x1b[K,\n'}
[7.829901] (sllidar_ros2) StderrLine: {'line': b'                 from \x1b[01m\x1b[K/home/marlboro/ws_diff_drive/src/sllidar_ros2/./sdk/include/rplidar.h:40\x1b[m\x1b[K,\n'}
[7.830027] (sllidar_ros2) StderrLine: {'line': b'                 from \x1b[01m\x1b[K/home/marlboro/ws_diff_drive/src/sllidar_ros2/sdk/src/sdkcommon.h:49\x1b[m\x1b[K,\n'}
[7.830144] (sllidar_ros2) StderrLine: {'line': b'                 from \x1b[01m\x1b[K/home/marlboro/ws_diff_drive/src/sllidar_ros2/sdk/src/sl_async_transceiver.cpp:35\x1b[m\x1b[K:\n'}
[7.830305] (sllidar_ros2) StderrLine: {'line': b'\x1b[01m\x1b[K/home/marlboro/ws_diff_drive/src/sllidar_ros2/./sdk/include/sl_lidar_cmd.h:324:20:\x1b[m\x1b[K \x1b[01;35m\x1b[Kwarning: \x1b[m\x1b[KISO C++ forbids zero-size array \xe2\x80\x98\x1b[01m\x1b[Kpayload\x1b[m\x1b[K\xe2\x80\x99 [\x1b[01;35m\x1b[K\x1b]8;;https://gcc.gnu.org/onlinedocs/gcc/Warning-Options.html#index-Wpedantic\x07-Wpedantic\x1b]8;;\x07\x1b[m\x1b[K]\n'}
[7.830451] (sllidar_ros2) StderrLine: {'line': b'  324 |     sl_u8  payload[\x1b[01;35m\x1b[K0\x1b[m\x1b[K];\n'}
[7.830593] (sllidar_ros2) StderrLine: {'line': b'      |                    \x1b[01;35m\x1b[K^\x1b[m\x1b[K\n'}
[7.846295] (-) TimerEvent: {}
[7.947058] (-) TimerEvent: {}
[8.047787] (-) TimerEvent: {}
[8.071152] (sllidar_ros2) StderrLine: {'line': b'In file included from \x1b[01m\x1b[K/home/marlboro/ws_diff_drive/src/sllidar_ros2/sdk/src/sl_async_transceiver.cpp:44\x1b[m\x1b[K:\n'}
[8.071635] (sllidar_ros2) StderrLine: {'line': b'\x1b[01m\x1b[K/home/marlboro/ws_diff_drive/src/sllidar_ros2/sdk/src/sl_async_transceiver.h:\x1b[m\x1b[K In member function \xe2\x80\x98\x1b[01m\x1b[Kvirtual void sl::internal::IAsyncProtocolCodec::onChannelError(u_result)\x1b[m\x1b[K\xe2\x80\x99:\n'}
[8.071812] (sllidar_ros2) StderrLine: {'line': b'\x1b[01m\x1b[K/home/marlboro/ws_diff_drive/src/sllidar_ros2/sdk/src/sl_async_transceiver.h:90:48:\x1b[m\x1b[K \x1b[01;35m\x1b[Kwarning: \x1b[m\x1b[Kunused parameter \xe2\x80\x98\x1b[01m\x1b[KerrCode\x1b[m\x1b[K\xe2\x80\x99 [\x1b[01;35m\x1b[K\x1b]8;;https://gcc.gnu.org/onlinedocs/gcc/Warning-Options.html#index-Wunused-parameter\x07-Wunused-parameter\x1b]8;;\x07\x1b[m\x1b[K]\n'}
[8.071960] (sllidar_ros2) StderrLine: {'line': b'   90 |         virtual void   onChannelError(\x1b[01;35m\x1b[Ku_result errCode\x1b[m\x1b[K) {}\n'}
[8.072093] (sllidar_ros2) StderrLine: {'line': b'      |                                       \x1b[01;35m\x1b[K~~~~~~~~~^~~~~~~\x1b[m\x1b[K\n'}
[8.148003] (-) TimerEvent: {}
[8.248749] (-) TimerEvent: {}
[8.345260] (sllidar_ros2) StderrLine: {'line': b'In file included from \x1b[01m\x1b[K/home/marlboro/ws_diff_drive/src/sllidar_ros2/./sdk/include/sl_lidar_cmd.h:41\x1b[m\x1b[K,\n'}
[8.345793] (sllidar_ros2) StderrLine: {'line': b'                 from \x1b[01m\x1b[K/home/marlboro/ws_diff_drive/src/sllidar_ros2/./sdk/include/sl_lidar_driver.h:54\x1b[m\x1b[K,\n'}
[8.346010] (sllidar_ros2) StderrLine: {'line': b'                 from \x1b[01m\x1b[K/home/marlboro/ws_diff_drive/src/sllidar_ros2/sdk/src/sl_serial_channel.cpp:33\x1b[m\x1b[K:\n'}
[8.346165] (sllidar_ros2) StderrLine: {'line': b'\x1b[01m\x1b[K/home/marlboro/ws_diff_drive/src/sllidar_ros2/./sdk/include/sl_lidar_protocol.h:66:16:\x1b[m\x1b[K \x1b[01;35m\x1b[Kwarning: \x1b[m\x1b[KISO C++ forbids zero-size array \xe2\x80\x98\x1b[01m\x1b[Kdata\x1b[m\x1b[K\xe2\x80\x99 [\x1b[01;35m\x1b[K\x1b]8;;https://gcc.gnu.org/onlinedocs/gcc/Warning-Options.html#index-Wpedantic\x07-Wpedantic\x1b]8;;\x07\x1b[m\x1b[K]\n'}
[8.346320] (sllidar_ros2) StderrLine: {'line': b'   66 |     sl_u8 data[\x1b[01;35m\x1b[K0\x1b[m\x1b[K];\n'}
[8.346453] (sllidar_ros2) StderrLine: {'line': b'      |                \x1b[01;35m\x1b[K^\x1b[m\x1b[K\n'}
[8.346839] (sllidar_ros2) StderrLine: {'line': b'In file included from \x1b[01m\x1b[K/home/marlboro/ws_diff_drive/src/sllidar_ros2/./sdk/include/sl_lidar_driver.h:54\x1b[m\x1b[K,\n'}
[8.347023] (sllidar_ros2) StderrLine: {'line': b'                 from \x1b[01m\x1b[K/home/marlboro/ws_diff_drive/src/sllidar_ros2/sdk/src/sl_serial_channel.cpp:33\x1b[m\x1b[K:\n'}
[8.347167] (sllidar_ros2) StderrLine: {'line': b'\x1b[01m\x1b[K/home/marlboro/ws_diff_drive/src/sllidar_ros2/./sdk/include/sl_lidar_cmd.h:324:20:\x1b[m\x1b[K \x1b[01;35m\x1b[Kwarning: \x1b[m\x1b[KISO C++ forbids zero-size array \xe2\x80\x98\x1b[01m\x1b[Kpayload\x1b[m\x1b[K\xe2\x80\x99 [\x1b[01;35m\x1b[K\x1b]8;;https://gcc.gnu.org/onlinedocs/gcc/Warning-Options.html#index-Wpedantic\x07-Wpedantic\x1b]8;;\x07\x1b[m\x1b[K]\n'}
[8.347310] (sllidar_ros2) StderrLine: {'line': b'  324 |     sl_u8  payload[\x1b[01;35m\x1b[K0\x1b[m\x1b[K];\n'}
[8.347438] (sllidar_ros2) StderrLine: {'line': b'      |                    \x1b[01;35m\x1b[K^\x1b[m\x1b[K\n'}
[8.348878] (-) TimerEvent: {}
[8.423773] (sllidar_ros2) StderrLine: {'line': b'In file included from \x1b[01m\x1b[K/home/marlboro/ws_diff_drive/src/sllidar_ros2/./sdk/include/rplidar_protocol.h:36\x1b[m\x1b[K,\n'}
[8.424244] (sllidar_ros2) StderrLine: {'line': b'                 from \x1b[01m\x1b[K/home/marlboro/ws_diff_drive/src/sllidar_ros2/./sdk/include/rplidar.h:39\x1b[m\x1b[K,\n'}
[8.424504] (sllidar_ros2) StderrLine: {'line': b'                 from \x1b[01m\x1b[K/home/marlboro/ws_diff_drive/src/sllidar_ros2/sdk/src/sdkcommon.h:49\x1b[m\x1b[K,\n'}
[8.424651] (sllidar_ros2) StderrLine: {'line': b'                 from \x1b[01m\x1b[K/home/marlboro/ws_diff_drive/src/sllidar_ros2/sdk/src/sl_lidarprotocol_codec.cpp:35\x1b[m\x1b[K:\n'}
[8.424784] (sllidar_ros2) StderrLine: {'line': b'\x1b[01m\x1b[K/home/marlboro/ws_diff_drive/src/sllidar_ros2/./sdk/include/sl_lidar_protocol.h:66:16:\x1b[m\x1b[K \x1b[01;35m\x1b[Kwarning: \x1b[m\x1b[KISO C++ forbids zero-size array \xe2\x80\x98\x1b[01m\x1b[Kdata\x1b[m\x1b[K\xe2\x80\x99 [\x1b[01;35m\x1b[K\x1b]8;;https://gcc.gnu.org/onlinedocs/gcc/Warning-Options.html#index-Wpedantic\x07-Wpedantic\x1b]8;;\x07\x1b[m\x1b[K]\n'}
[8.424925] (sllidar_ros2) StderrLine: {'line': b'   66 |     sl_u8 data[\x1b[01;35m\x1b[K0\x1b[m\x1b[K];\n'}
[8.425143] (sllidar_ros2) StderrLine: {'line': b'      |                \x1b[01;35m\x1b[K^\x1b[m\x1b[K\n'}
[8.425431] (sllidar_ros2) StderrLine: {'line': b'In file included from \x1b[01m\x1b[K/home/marlboro/ws_diff_drive/src/sllidar_ros2/./sdk/include/rplidar_cmd.h:36\x1b[m\x1b[K,\n'}
[8.425583] (sllidar_ros2) StderrLine: {'line': b'                 from \x1b[01m\x1b[K/home/marlboro/ws_diff_drive/src/sllidar_ros2/./sdk/include/rplidar.h:40\x1b[m\x1b[K,\n'}
[8.425711] (sllidar_ros2) StderrLine: {'line': b'                 from \x1b[01m\x1b[K/home/marlboro/ws_diff_drive/src/sllidar_ros2/sdk/src/sdkcommon.h:49\x1b[m\x1b[K,\n'}
[8.425831] (sllidar_ros2) StderrLine: {'line': b'                 from \x1b[01m\x1b[K/home/marlboro/ws_diff_drive/src/sllidar_ros2/sdk/src/sl_lidarprotocol_codec.cpp:35\x1b[m\x1b[K:\n'}
[8.425948] (sllidar_ros2) StderrLine: {'line': b'\x1b[01m\x1b[K/home/marlboro/ws_diff_drive/src/sllidar_ros2/./sdk/include/sl_lidar_cmd.h:324:20:\x1b[m\x1b[K \x1b[01;35m\x1b[Kwarning: \x1b[m\x1b[KISO C++ forbids zero-size array \xe2\x80\x98\x1b[01m\x1b[Kpayload\x1b[m\x1b[K\xe2\x80\x99 [\x1b[01;35m\x1b[K\x1b]8;;https://gcc.gnu.org/onlinedocs/gcc/Warning-Options.html#index-Wpedantic\x07-Wpedantic\x1b]8;;\x07\x1b[m\x1b[K]\n'}
[8.426111] (sllidar_ros2) StderrLine: {'line': b'  324 |     sl_u8  payload[\x1b[01;35m\x1b[K0\x1b[m\x1b[K];\n'}
[8.426244] (sllidar_ros2) StderrLine: {'line': b'      |                    \x1b[01;35m\x1b[K^\x1b[m\x1b[K\n'}
[8.449082] (-) TimerEvent: {}
[8.469208] (sllidar_ros2) StderrLine: {'line': b'In file included from \x1b[01m\x1b[K/home/marlboro/ws_diff_drive/src/sllidar_ros2/./sdk/include/rplidar_protocol.h:36\x1b[m\x1b[K,\n'}
[8.469678] (sllidar_ros2) StderrLine: {'line': b'                 from \x1b[01m\x1b[K/home/marlboro/ws_diff_drive/src/sllidar_ros2/./sdk/include/rplidar.h:39\x1b[m\x1b[K,\n'}
[8.469882] (sllidar_ros2) StderrLine: {'line': b'                 from \x1b[01m\x1b[K/home/marlboro/ws_diff_drive/src/sllidar_ros2/sdk/src/sdkcommon.h:49\x1b[m\x1b[K,\n'}
[8.470018] (sllidar_ros2) StderrLine: {'line': b'                 from \x1b[01m\x1b[K/home/marlboro/ws_diff_drive/src/sllidar_ros2/sdk/src/sl_lidar_driver.cpp:33\x1b[m\x1b[K:\n'}
[8.470143] (sllidar_ros2) StderrLine: {'line': b'\x1b[01m\x1b[K/home/marlboro/ws_diff_drive/src/sllidar_ros2/./sdk/include/sl_lidar_protocol.h:66:16:\x1b[m\x1b[K \x1b[01;35m\x1b[Kwarning: \x1b[m\x1b[KISO C++ forbids zero-size array \xe2\x80\x98\x1b[01m\x1b[Kdata\x1b[m\x1b[K\xe2\x80\x99 [\x1b[01;35m\x1b[K\x1b]8;;https://gcc.gnu.org/onlinedocs/gcc/Warning-Options.html#index-Wpedantic\x07-Wpedantic\x1b]8;;\x07\x1b[m\x1b[K]\n'}
[8.470276] (sllidar_ros2) StderrLine: {'line': b'   66 |     sl_u8 data[\x1b[01;35m\x1b[K0\x1b[m\x1b[K];\n'}
[8.470393] (sllidar_ros2) StderrLine: {'line': b'      |                \x1b[01;35m\x1b[K^\x1b[m\x1b[K\n'}
[8.475184] (sllidar_ros2) StderrLine: {'line': b'In file included from \x1b[01m\x1b[K/home/marlboro/ws_diff_drive/src/sllidar_ros2/./sdk/include/rplidar_cmd.h:36\x1b[m\x1b[K,\n'}
[8.475650] (sllidar_ros2) StderrLine: {'line': b'                 from \x1b[01m\x1b[K/home/marlboro/ws_diff_drive/src/sllidar_ros2/./sdk/include/rplidar.h:40\x1b[m\x1b[K,\n'}
[8.475813] (sllidar_ros2) StderrLine: {'line': b'                 from \x1b[01m\x1b[K/home/marlboro/ws_diff_drive/src/sllidar_ros2/sdk/src/sdkcommon.h:49\x1b[m\x1b[K,\n'}
[8.475950] (sllidar_ros2) StderrLine: {'line': b'                 from \x1b[01m\x1b[K/home/marlboro/ws_diff_drive/src/sllidar_ros2/sdk/src/sl_lidar_driver.cpp:33\x1b[m\x1b[K:\n'}
[8.476078] (sllidar_ros2) StderrLine: {'line': b'\x1b[01m\x1b[K/home/marlboro/ws_diff_drive/src/sllidar_ros2/./sdk/include/sl_lidar_cmd.h:324:20:\x1b[m\x1b[K \x1b[01;35m\x1b[Kwarning: \x1b[m\x1b[KISO C++ forbids zero-size array \xe2\x80\x98\x1b[01m\x1b[Kpayload\x1b[m\x1b[K\xe2\x80\x99 [\x1b[01;35m\x1b[K\x1b]8;;https://gcc.gnu.org/onlinedocs/gcc/Warning-Options.html#index-Wpedantic\x07-Wpedantic\x1b]8;;\x07\x1b[m\x1b[K]\n'}
[8.476213] (sllidar_ros2) StderrLine: {'line': b'  324 |     sl_u8  payload[\x1b[01;35m\x1b[K0\x1b[m\x1b[K];\n'}
[8.476334] (sllidar_ros2) StderrLine: {'line': b'      |                    \x1b[01;35m\x1b[K^\x1b[m\x1b[K\n'}
[8.549286] (-) TimerEvent: {}
[8.561681] (sllidar_ros2) StdoutLine: {'line': b'[ 85%] \x1b[32mBuilding CXX object CMakeFiles/sllidar_node.dir/sdk/src/sl_tcp_channel.cpp.o\x1b[0m\n'}
[8.586443] (sllidar_ros2) StdoutLine: {'line': b'[ 90%] \x1b[32mBuilding CXX object CMakeFiles/sllidar_node.dir/sdk/src/sl_udp_channel.cpp.o\x1b[0m\n'}
[8.649475] (-) TimerEvent: {}
[8.750220] (-) TimerEvent: {}
[8.850959] (-) TimerEvent: {}
[8.933330] (sllidar_ros2) StderrLine: {'line': b'In file included from \x1b[01m\x1b[K/home/marlboro/ws_diff_drive/src/sllidar_ros2/sdk/src/sl_lidarprotocol_codec.cpp:49\x1b[m\x1b[K:\n'}
[8.933966] (sllidar_ros2) StderrLine: {'line': b'\x1b[01m\x1b[K/home/marlboro/ws_diff_drive/src/sllidar_ros2/sdk/src/sl_async_transceiver.h:\x1b[m\x1b[K In member function \xe2\x80\x98\x1b[01m\x1b[Kvirtual void sl::internal::IAsyncProtocolCodec::onChannelError(u_result)\x1b[m\x1b[K\xe2\x80\x99:\n'}
[8.934278] (sllidar_ros2) StderrLine: {'line': b'\x1b[01m\x1b[K/home/marlboro/ws_diff_drive/src/sllidar_ros2/sdk/src/sl_async_transceiver.h:90:48:\x1b[m\x1b[K \x1b[01;35m\x1b[Kwarning: \x1b[m\x1b[Kunused parameter \xe2\x80\x98\x1b[01m\x1b[KerrCode\x1b[m\x1b[K\xe2\x80\x99 [\x1b[01;35m\x1b[K\x1b]8;;https://gcc.gnu.org/onlinedocs/gcc/Warning-Options.html#index-Wunused-parameter\x07-Wunused-parameter\x1b]8;;\x07\x1b[m\x1b[K]\n'}
[8.934560] (sllidar_ros2) StderrLine: {'line': b'   90 |         virtual void   onChannelError(\x1b[01;35m\x1b[Ku_result errCode\x1b[m\x1b[K) {}\n'}
[8.934856] (sllidar_ros2) StderrLine: {'line': b'      |                                       \x1b[01;35m\x1b[K~~~~~~~~~^~~~~~~\x1b[m\x1b[K\n'}
[8.951145] (-) TimerEvent: {}
[9.051880] (-) TimerEvent: {}
[9.123262] (sllidar_ros2) StderrLine: {'line': b'In file included from \x1b[01m\x1b[K/home/marlboro/ws_diff_drive/src/sllidar_ros2/sdk/src/sl_lidar_driver.cpp:50\x1b[m\x1b[K:\n'}
[9.123808] (sllidar_ros2) StderrLine: {'line': b'\x1b[01m\x1b[K/home/marlboro/ws_diff_drive/src/sllidar_ros2/sdk/src/dataunpacker/dataunpacker.h:\x1b[m\x1b[K In member function \xe2\x80\x98\x1b[01m\x1b[Kvirtual void sl::internal::LIDARSampleDataListener::onCustomSampleDataDecoded(_u8, _u32, const void*, size_t)\x1b[m\x1b[K\xe2\x80\x99:\n'}
[9.124014] (sllidar_ros2) StderrLine: {'line': b'\x1b[01m\x1b[K/home/marlboro/ws_diff_drive/src/sllidar_ros2/sdk/src/dataunpacker/dataunpacker.h:54:52:\x1b[m\x1b[K \x1b[01;35m\x1b[Kwarning: \x1b[m\x1b[Kunused parameter \xe2\x80\x98\x1b[01m\x1b[KansType\x1b[m\x1b[K\xe2\x80\x99 [\x1b[01;35m\x1b[K\x1b]8;;https://gcc.gnu.org/onlinedocs/gcc/Warning-Options.html#index-Wunused-parameter\x07-Wunused-parameter\x1b]8;;\x07\x1b[m\x1b[K]\n'}
[9.124174] (sllidar_ros2) StderrLine: {'line': b'   54 |         virtual void onCustomSampleDataDecoded(\x1b[01;35m\x1b[K_u8 ansType\x1b[m\x1b[K, _u32 customCode, const void* data, size_t size) {}\n'}
[9.124356] (sllidar_ros2) StderrLine: {'line': b'      |                                                \x1b[01;35m\x1b[K~~~~^~~~~~~\x1b[m\x1b[K\n'}
[9.124488] (sllidar_ros2) StderrLine: {'line': b'\x1b[01m\x1b[K/home/marlboro/ws_diff_drive/src/sllidar_ros2/sdk/src/dataunpacker/dataunpacker.h:54:66:\x1b[m\x1b[K \x1b[01;35m\x1b[Kwarning: \x1b[m\x1b[Kunused parameter \xe2\x80\x98\x1b[01m\x1b[KcustomCode\x1b[m\x1b[K\xe2\x80\x99 [\x1b[01;35m\x1b[K\x1b]8;;https://gcc.gnu.org/onlinedocs/gcc/Warning-Options.html#index-Wunused-parameter\x07-Wunused-parameter\x1b]8;;\x07\x1b[m\x1b[K]\n'}
[9.124641] (sllidar_ros2) StderrLine: {'line': b'   54 |         virtual void onCustomSampleDataDecoded(_u8 ansType, \x1b[01;35m\x1b[K_u32 customCode\x1b[m\x1b[K, const void* data, size_t size) {}\n'}
[9.124767] (sllidar_ros2) StderrLine: {'line': b'      |                                                             \x1b[01;35m\x1b[K~~~~~^~~~~~~~~~\x1b[m\x1b[K\n'}
[9.124886] (sllidar_ros2) StderrLine: {'line': b'\x1b[01m\x1b[K/home/marlboro/ws_diff_drive/src/sllidar_ros2/sdk/src/dataunpacker/dataunpacker.h:54:90:\x1b[m\x1b[K \x1b[01;35m\x1b[Kwarning: \x1b[m\x1b[Kunused parameter \xe2\x80\x98\x1b[01m\x1b[Kdata\x1b[m\x1b[K\xe2\x80\x99 [\x1b[01;35m\x1b[K\x1b]8;;https://gcc.gnu.org/onlinedocs/gcc/Warning-Options.html#index-Wunused-parameter\x07-Wunused-parameter\x1b]8;;\x07\x1b[m\x1b[K]\n'}
[9.125036] (sllidar_ros2) StderrLine: {'line': b'   54 |         virtual void onCustomSampleDataDecoded(_u8 ansType, _u32 customCode, \x1b[01;35m\x1b[Kconst void* data\x1b[m\x1b[K, size_t size) {}\n'}
[9.125156] (sllidar_ros2) StderrLine: {'line': b'      |                                                                              \x1b[01;35m\x1b[K~~~~~~~~~~~~^~~~\x1b[m\x1b[K\n'}
[9.125273] (sllidar_ros2) StderrLine: {'line': b'\x1b[01m\x1b[K/home/marlboro/ws_diff_drive/src/sllidar_ros2/sdk/src/dataunpacker/dataunpacker.h:54:103:\x1b[m\x1b[K \x1b[01;35m\x1b[Kwarning: \x1b[m\x1b[Kunused parameter \xe2\x80\x98\x1b[01m\x1b[Ksize\x1b[m\x1b[K\xe2\x80\x99 [\x1b[01;35m\x1b[K\x1b]8;;https://gcc.gnu.org/onlinedocs/gcc/Warning-Options.html#index-Wunused-parameter\x07-Wunused-parameter\x1b]8;;\x07\x1b[m\x1b[K]\n'}
[9.125393] (sllidar_ros2) StderrLine: {'line': b'   54 |         virtual void onCustomSampleDataDecoded(_u8 ansType, _u32 customCode, const void* data, \x1b[01;35m\x1b[Ksize_t size\x1b[m\x1b[K) {}\n'}
[9.125508] (sllidar_ros2) StderrLine: {'line': b'      |                                                                                                \x1b[01;35m\x1b[K~~~~~~~^~~~\x1b[m\x1b[K\n'}
[9.125625] (sllidar_ros2) StderrLine: {'line': b'\x1b[01m\x1b[K/home/marlboro/ws_diff_drive/src/sllidar_ros2/sdk/src/dataunpacker/dataunpacker.h:\x1b[m\x1b[K In member function \xe2\x80\x98\x1b[01m\x1b[Kvirtual void sl::internal::LIDARSampleDataListener::onDecodingError(int, _u8, const void*, size_t)\x1b[m\x1b[K\xe2\x80\x99:\n'}
[9.125744] (sllidar_ros2) StderrLine: {'line': b'\x1b[01m\x1b[K/home/marlboro/ws_diff_drive/src/sllidar_ros2/sdk/src/dataunpacker/dataunpacker.h:56:42:\x1b[m\x1b[K \x1b[01;35m\x1b[Kwarning: \x1b[m\x1b[Kunused parameter \xe2\x80\x98\x1b[01m\x1b[KerrMsg\x1b[m\x1b[K\xe2\x80\x99 [\x1b[01;35m\x1b[K\x1b]8;;https://gcc.gnu.org/onlinedocs/gcc/Warning-Options.html#index-Wunused-parameter\x07-Wunused-parameter\x1b]8;;\x07\x1b[m\x1b[K]\n'}
[9.125862] (sllidar_ros2) StderrLine: {'line': b'   56 |         virtual void onDecodingError(\x1b[01;35m\x1b[Kint errMsg\x1b[m\x1b[K, _u8 ansType, const void* payload, size_t size) {}\n'}
[9.125976] (sllidar_ros2) StderrLine: {'line': b'      |                                      \x1b[01;35m\x1b[K~~~~^~~~~~\x1b[m\x1b[K\n'}
[9.126090] (sllidar_ros2) StderrLine: {'line': b'\x1b[01m\x1b[K/home/marlboro/ws_diff_drive/src/sllidar_ros2/sdk/src/dataunpacker/dataunpacker.h:56:54:\x1b[m\x1b[K \x1b[01;35m\x1b[Kwarning: \x1b[m\x1b[Kunused parameter \xe2\x80\x98\x1b[01m\x1b[KansType\x1b[m\x1b[K\xe2\x80\x99 [\x1b[01;35m\x1b[K\x1b]8;;https://gcc.gnu.org/onlinedocs/gcc/Warning-Options.html#index-Wunused-parameter\x07-Wunused-parameter\x1b]8;;\x07\x1b[m\x1b[K]\n'}
[9.126227] (sllidar_ros2) StderrLine: {'line': b'   56 |         virtual void onDecodingError(int errMsg, \x1b[01;35m\x1b[K_u8 ansType\x1b[m\x1b[K, const void* payload, size_t size) {}\n'}
[9.126403] (sllidar_ros2) StderrLine: {'line': b'      |                                                  \x1b[01;35m\x1b[K~~~~^~~~~~~\x1b[m\x1b[K\n'}
[9.126575] (sllidar_ros2) StderrLine: {'line': b'\x1b[01m\x1b[K/home/marlboro/ws_diff_drive/src/sllidar_ros2/sdk/src/dataunpacker/dataunpacker.h:56:75:\x1b[m\x1b[K \x1b[01;35m\x1b[Kwarning: \x1b[m\x1b[Kunused parameter \xe2\x80\x98\x1b[01m\x1b[Kpayload\x1b[m\x1b[K\xe2\x80\x99 [\x1b[01;35m\x1b[K\x1b]8;;https://gcc.gnu.org/onlinedocs/gcc/Warning-Options.html#index-Wunused-parameter\x07-Wunused-parameter\x1b]8;;\x07\x1b[m\x1b[K]\n'}
[9.126741] (sllidar_ros2) StderrLine: {'line': b'   56 |         virtual void onDecodingError(int errMsg, _u8 ansType, \x1b[01;35m\x1b[Kconst void* payload\x1b[m\x1b[K, size_t size) {}\n'}
[9.126876] (sllidar_ros2) StderrLine: {'line': b'      |                                                               \x1b[01;35m\x1b[K~~~~~~~~~~~~^~~~~~~\x1b[m\x1b[K\n'}
[9.126998] (sllidar_ros2) StderrLine: {'line': b'\x1b[01m\x1b[K/home/marlboro/ws_diff_drive/src/sllidar_ros2/sdk/src/dataunpacker/dataunpacker.h:56:91:\x1b[m\x1b[K \x1b[01;35m\x1b[Kwarning: \x1b[m\x1b[Kunused parameter \xe2\x80\x98\x1b[01m\x1b[Ksize\x1b[m\x1b[K\xe2\x80\x99 [\x1b[01;35m\x1b[K\x1b]8;;https://gcc.gnu.org/onlinedocs/gcc/Warning-Options.html#index-Wunused-parameter\x07-Wunused-parameter\x1b]8;;\x07\x1b[m\x1b[K]\n'}
[9.127120] (sllidar_ros2) StderrLine: {'line': b'   56 |         virtual void onDecodingError(int errMsg, _u8 ansType, const void* payload, \x1b[01;35m\x1b[Ksize_t size\x1b[m\x1b[K) {}\n'}
[9.127235] (sllidar_ros2) StderrLine: {'line': b'      |                                                                                    \x1b[01;35m\x1b[K~~~~~~~^~~~\x1b[m\x1b[K\n'}
[9.128753] (sllidar_ros2) StderrLine: {'line': b'In file included from \x1b[01m\x1b[K/home/marlboro/ws_diff_drive/src/sllidar_ros2/./sdk/include/sl_lidar_cmd.h:41\x1b[m\x1b[K,\n'}
[9.129066] (sllidar_ros2) StderrLine: {'line': b'                 from \x1b[01m\x1b[K/home/marlboro/ws_diff_drive/src/sllidar_ros2/./sdk/include/sl_lidar_driver.h:54\x1b[m\x1b[K,\n'}
[9.129244] (sllidar_ros2) StderrLine: {'line': b'                 from \x1b[01m\x1b[K/home/marlboro/ws_diff_drive/src/sllidar_ros2/sdk/src/sl_udp_channel.cpp:33\x1b[m\x1b[K:\n'}
[9.129377] (sllidar_ros2) StderrLine: {'line': b'\x1b[01m\x1b[K/home/marlboro/ws_diff_drive/src/sllidar_ros2/./sdk/include/sl_lidar_protocol.h:66:16:\x1b[m\x1b[K \x1b[01;35m\x1b[Kwarning: \x1b[m\x1b[KISO C++ forbids zero-size array \xe2\x80\x98\x1b[01m\x1b[Kdata\x1b[m\x1b[K\xe2\x80\x99 [\x1b[01;35m\x1b[K\x1b]8;;https://gcc.gnu.org/onlinedocs/gcc/Warning-Options.html#index-Wpedantic\x07-Wpedantic\x1b]8;;\x07\x1b[m\x1b[K]\n'}
[9.129544] (sllidar_ros2) StderrLine: {'line': b'   66 |     sl_u8 data[\x1b[01;35m\x1b[K0\x1b[m\x1b[K];\n'}
[9.129798] (sllidar_ros2) StderrLine: {'line': b'      |                \x1b[01;35m\x1b[K^\x1b[m\x1b[K\n'}
[9.129923] (sllidar_ros2) StderrLine: {'line': b'In file included from \x1b[01m\x1b[K/home/marlboro/ws_diff_drive/src/sllidar_ros2/./sdk/include/sl_lidar_driver.h:54\x1b[m\x1b[K,\n'}
[9.130041] (sllidar_ros2) StderrLine: {'line': b'                 from \x1b[01m\x1b[K/home/marlboro/ws_diff_drive/src/sllidar_ros2/sdk/src/sl_udp_channel.cpp:33\x1b[m\x1b[K:\n'}
[9.130174] (sllidar_ros2) StderrLine: {'line': b'\x1b[01m\x1b[K/home/marlboro/ws_diff_drive/src/sllidar_ros2/./sdk/include/sl_lidar_cmd.h:324:20:\x1b[m\x1b[K \x1b[01;35m\x1b[Kwarning: \x1b[m\x1b[KISO C++ forbids zero-size array \xe2\x80\x98\x1b[01m\x1b[Kpayload\x1b[m\x1b[K\xe2\x80\x99 [\x1b[01;35m\x1b[K\x1b]8;;https://gcc.gnu.org/onlinedocs/gcc/Warning-Options.html#index-Wpedantic\x07-Wpedantic\x1b]8;;\x07\x1b[m\x1b[K]\n'}
[9.130300] (sllidar_ros2) StderrLine: {'line': b'  324 |     sl_u8  payload[\x1b[01;35m\x1b[K0\x1b[m\x1b[K];\n'}
[9.130436] (sllidar_ros2) StderrLine: {'line': b'      |                    \x1b[01;35m\x1b[K^\x1b[m\x1b[K\n'}
[9.139012] (sllidar_ros2) StderrLine: {'line': b'\x1b[01m\x1b[K/home/marlboro/ws_diff_drive/src/sllidar_ros2/sdk/src/sl_udp_channel.cpp:\x1b[m\x1b[K In member function \xe2\x80\x98\x1b[01m\x1b[Kvoid sl::UdpChannel::setStatus(_u32)\x1b[m\x1b[K\xe2\x80\x99:\n'}
[9.139511] (sllidar_ros2) StderrLine: {'line': b'\x1b[01m\x1b[K/home/marlboro/ws_diff_drive/src/sllidar_ros2/sdk/src/sl_udp_channel.cpp:112:29:\x1b[m\x1b[K \x1b[01;35m\x1b[Kwarning: \x1b[m\x1b[Kunused parameter \xe2\x80\x98\x1b[01m\x1b[Kflag\x1b[m\x1b[K\xe2\x80\x99 [\x1b[01;35m\x1b[K\x1b]8;;https://gcc.gnu.org/onlinedocs/gcc/Warning-Options.html#index-Wunused-parameter\x07-Wunused-parameter\x1b]8;;\x07\x1b[m\x1b[K]\n'}
[9.139692] (sllidar_ros2) StderrLine: {'line': b'  112 |         void setStatus(\x1b[01;35m\x1b[K_u32 flag\x1b[m\x1b[K){}\n'}
[9.139832] (sllidar_ros2) StderrLine: {'line': b'      |                        \x1b[01;35m\x1b[K~~~~~^~~~\x1b[m\x1b[K\n'}
[9.142954] (sllidar_ros2) StderrLine: {'line': b'In file included from \x1b[01m\x1b[K/home/marlboro/ws_diff_drive/src/sllidar_ros2/sdk/src/sl_lidar_driver.cpp:51\x1b[m\x1b[K:\n'}
[9.143394] (sllidar_ros2) StderrLine: {'line': b'\x1b[01m\x1b[K/home/marlboro/ws_diff_drive/src/sllidar_ros2/sdk/src/sl_async_transceiver.h:\x1b[m\x1b[K In member function \xe2\x80\x98\x1b[01m\x1b[Kvirtual void sl::internal::IAsyncProtocolCodec::onChannelError(u_result)\x1b[m\x1b[K\xe2\x80\x99:\n'}
[9.143570] (sllidar_ros2) StderrLine: {'line': b'\x1b[01m\x1b[K/home/marlboro/ws_diff_drive/src/sllidar_ros2/sdk/src/sl_async_transceiver.h:90:48:\x1b[m\x1b[K \x1b[01;35m\x1b[Kwarning: \x1b[m\x1b[Kunused parameter \xe2\x80\x98\x1b[01m\x1b[KerrCode\x1b[m\x1b[K\xe2\x80\x99 [\x1b[01;35m\x1b[K\x1b]8;;https://gcc.gnu.org/onlinedocs/gcc/Warning-Options.html#index-Wunused-parameter\x07-Wunused-parameter\x1b]8;;\x07\x1b[m\x1b[K]\n'}
[9.143718] (sllidar_ros2) StderrLine: {'line': b'   90 |         virtual void   onChannelError(\x1b[01;35m\x1b[Ku_result errCode\x1b[m\x1b[K) {}\n'}
[9.143847] (sllidar_ros2) StderrLine: {'line': b'      |                                       \x1b[01;35m\x1b[K~~~~~~~~~^~~~~~~\x1b[m\x1b[K\n'}
[9.156497] (-) TimerEvent: {}
[9.176348] (sllidar_ros2) StderrLine: {'line': b'In file included from \x1b[01m\x1b[K/home/marlboro/ws_diff_drive/src/sllidar_ros2/./sdk/include/sl_lidar_cmd.h:41\x1b[m\x1b[K,\n'}
[9.181155] (sllidar_ros2) StderrLine: {'line': b'                 from \x1b[01m\x1b[K/home/marlboro/ws_diff_drive/src/sllidar_ros2/./sdk/include/sl_lidar_driver.h:54\x1b[m\x1b[K,\n'}
[9.181885] (sllidar_ros2) StderrLine: {'line': b'                 from \x1b[01m\x1b[K/home/marlboro/ws_diff_drive/src/sllidar_ros2/sdk/src/sl_tcp_channel.cpp:33\x1b[m\x1b[K:\n'}
[9.182212] (sllidar_ros2) StderrLine: {'line': b'\x1b[01m\x1b[K/home/marlboro/ws_diff_drive/src/sllidar_ros2/./sdk/include/sl_lidar_protocol.h:66:16:\x1b[m\x1b[K \x1b[01;35m\x1b[Kwarning: \x1b[m\x1b[KISO C++ forbids zero-size array \xe2\x80\x98\x1b[01m\x1b[Kdata\x1b[m\x1b[K\xe2\x80\x99 [\x1b[01;35m\x1b[K\x1b]8;;https://gcc.gnu.org/onlinedocs/gcc/Warning-Options.html#index-Wpedantic\x07-Wpedantic\x1b]8;;\x07\x1b[m\x1b[K]\n'}
[9.182498] (sllidar_ros2) StderrLine: {'line': b'   66 |     sl_u8 data[\x1b[01;35m\x1b[K0\x1b[m\x1b[K];\n'}
[9.182770] (sllidar_ros2) StderrLine: {'line': b'      |                \x1b[01;35m\x1b[K^\x1b[m\x1b[K\n'}
[9.184356] (sllidar_ros2) StderrLine: {'line': b'In file included from \x1b[01m\x1b[K/home/marlboro/ws_diff_drive/src/sllidar_ros2/./sdk/include/sl_lidar_driver.h:54\x1b[m\x1b[K,\n'}
[9.184786] (sllidar_ros2) StderrLine: {'line': b'                 from \x1b[01m\x1b[K/home/marlboro/ws_diff_drive/src/sllidar_ros2/sdk/src/sl_tcp_channel.cpp:33\x1b[m\x1b[K:\n'}
[9.185108] (sllidar_ros2) StderrLine: {'line': b'\x1b[01m\x1b[K/home/marlboro/ws_diff_drive/src/sllidar_ros2/./sdk/include/sl_lidar_cmd.h:324:20:\x1b[m\x1b[K \x1b[01;35m\x1b[Kwarning: \x1b[m\x1b[KISO C++ forbids zero-size array \xe2\x80\x98\x1b[01m\x1b[Kpayload\x1b[m\x1b[K\xe2\x80\x99 [\x1b[01;35m\x1b[K\x1b]8;;https://gcc.gnu.org/onlinedocs/gcc/Warning-Options.html#index-Wpedantic\x07-Wpedantic\x1b]8;;\x07\x1b[m\x1b[K]\n'}
[9.185413] (sllidar_ros2) StderrLine: {'line': b'  324 |     sl_u8  payload[\x1b[01;35m\x1b[K0\x1b[m\x1b[K];\n'}
[9.185677] (sllidar_ros2) StderrLine: {'line': b'      |                    \x1b[01;35m\x1b[K^\x1b[m\x1b[K\n'}
[9.196125] (sllidar_ros2) StderrLine: {'line': b'\x1b[01m\x1b[K/home/marlboro/ws_diff_drive/src/sllidar_ros2/sdk/src/sl_tcp_channel.cpp:\x1b[m\x1b[K In member function \xe2\x80\x98\x1b[01m\x1b[Kvoid sl::TcpChannel::setStatus(_u32)\x1b[m\x1b[K\xe2\x80\x99:\n'}
[9.196804] (sllidar_ros2) StderrLine: {'line': b'\x1b[01m\x1b[K/home/marlboro/ws_diff_drive/src/sllidar_ros2/sdk/src/sl_tcp_channel.cpp:109:29:\x1b[m\x1b[K \x1b[01;35m\x1b[Kwarning: \x1b[m\x1b[Kunused parameter \xe2\x80\x98\x1b[01m\x1b[Kflag\x1b[m\x1b[K\xe2\x80\x99 [\x1b[01;35m\x1b[K\x1b]8;;https://gcc.gnu.org/onlinedocs/gcc/Warning-Options.html#index-Wunused-parameter\x07-Wunused-parameter\x1b]8;;\x07\x1b[m\x1b[K]\n'}
[9.197119] (sllidar_ros2) StderrLine: {'line': b'  109 |         void setStatus(\x1b[01;35m\x1b[K_u32 flag\x1b[m\x1b[K){}\n'}
[9.197390] (sllidar_ros2) StderrLine: {'line': b'      |                        \x1b[01;35m\x1b[K~~~~~^~~~\x1b[m\x1b[K\n'}
[9.198432] (sllidar_ros2) StderrLine: {'line': b'\x1b[01m\x1b[K/home/marlboro/ws_diff_drive/src/sllidar_ros2/sdk/src/sl_lidar_driver.cpp:\x1b[m\x1b[K In member function \xe2\x80\x98\x1b[01m\x1b[Kvirtual sl_result sl::SlamtecLidarDriver::reset(sl_u32)\x1b[m\x1b[K\xe2\x80\x99:\n'}
[9.198773] (sllidar_ros2) StderrLine: {'line': b'\x1b[01m\x1b[K/home/marlboro/ws_diff_drive/src/sllidar_ros2/sdk/src/sl_lidar_driver.cpp:511:32:\x1b[m\x1b[K \x1b[01;35m\x1b[Kwarning: \x1b[m\x1b[Kunused parameter \xe2\x80\x98\x1b[01m\x1b[KtimeoutInMs\x1b[m\x1b[K\xe2\x80\x99 [\x1b[01;35m\x1b[K\x1b]8;;https://gcc.gnu.org/onlinedocs/gcc/Warning-Options.html#index-Wunused-parameter\x07-Wunused-parameter\x1b]8;;\x07\x1b[m\x1b[K]\n'}
[9.198967] (sllidar_ros2) StderrLine: {'line': b'  511 |         sl_result reset(\x1b[01;35m\x1b[Ksl_u32 timeoutInMs = DEFAULT_TIMEOUT\x1b[m\x1b[K)\n'}
[9.199109] (sllidar_ros2) StderrLine: {'line': b'      |                         \x1b[01;35m\x1b[K~~~~~~~^~~~~~~~~~~~~~~~~~~~~~~~~~~~~\x1b[m\x1b[K\n'}
[9.207279] (sllidar_ros2) StderrLine: {'line': b'\x1b[01m\x1b[K/home/marlboro/ws_diff_drive/src/sllidar_ros2/sdk/src/sl_lidar_driver.cpp:\x1b[m\x1b[K In member function \xe2\x80\x98\x1b[01m\x1b[Kvirtual sl_result sl::SlamtecLidarDriver::startScan(bool, bool, sl_u32, sl::LidarScanMode*)\x1b[m\x1b[K\xe2\x80\x99:\n'}
[9.207738] (sllidar_ros2) StderrLine: {'line': b'\x1b[01m\x1b[K/home/marlboro/ws_diff_drive/src/sllidar_ros2/sdk/src/sl_lidar_driver.cpp:586:69:\x1b[m\x1b[K \x1b[01;35m\x1b[Kwarning: \x1b[m\x1b[Kunused parameter \xe2\x80\x98\x1b[01m\x1b[Koptions\x1b[m\x1b[K\xe2\x80\x99 [\x1b[01;35m\x1b[K\x1b]8;;https://gcc.gnu.org/onlinedocs/gcc/Warning-Options.html#index-Wunused-parameter\x07-Wunused-parameter\x1b]8;;\x07\x1b[m\x1b[K]\n'}
[9.207923] (sllidar_ros2) StderrLine: {'line': b'  586 |         sl_result startScan(bool force, bool useTypicalScan, \x1b[01;35m\x1b[Ksl_u32 options = 0\x1b[m\x1b[K, LidarScanMode* outUsedScanMode = nullptr)\n'}
[9.208065] (sllidar_ros2) StderrLine: {'line': b'      |                                                              \x1b[01;35m\x1b[K~~~~~~~^~~~~~~~~~~\x1b[m\x1b[K\n'}
[9.212100] (sllidar_ros2) StderrLine: {'line': b'\x1b[01m\x1b[K/home/marlboro/ws_diff_drive/src/sllidar_ros2/sdk/src/sl_lidar_driver.cpp:\x1b[m\x1b[K In member function \xe2\x80\x98\x1b[01m\x1b[Kvirtual sl_result sl::SlamtecLidarDriver::stop(sl_u32)\x1b[m\x1b[K\xe2\x80\x99:\n'}
[9.212565] (sllidar_ros2) StderrLine: {'line': b'\x1b[01m\x1b[K/home/marlboro/ws_diff_drive/src/sllidar_ros2/sdk/src/sl_lidar_driver.cpp:763:31:\x1b[m\x1b[K \x1b[01;35m\x1b[Kwarning: \x1b[m\x1b[Kunused parameter \xe2\x80\x98\x1b[01m\x1b[Ktimeout\x1b[m\x1b[K\xe2\x80\x99 [\x1b[01;35m\x1b[K\x1b]8;;https://gcc.gnu.org/onlinedocs/gcc/Warning-Options.html#index-Wunused-parameter\x07-Wunused-parameter\x1b]8;;\x07\x1b[m\x1b[K]\n'}
[9.212800] (sllidar_ros2) StderrLine: {'line': b'  763 |         sl_result stop(\x1b[01;35m\x1b[Ksl_u32 timeout = DEFAULT_TIMEOUT\x1b[m\x1b[K)\n'}
[9.212945] (sllidar_ros2) StderrLine: {'line': b'      |                        \x1b[01;35m\x1b[K~~~~~~~^~~~~~~~~~~~~~~~~~~~~~~~~\x1b[m\x1b[K\n'}
[9.218484] (sllidar_ros2) StderrLine: {'line': b'\x1b[01m\x1b[K/home/marlboro/ws_diff_drive/src/sllidar_ros2/sdk/src/sl_lidar_driver.cpp:\x1b[m\x1b[K In member function \xe2\x80\x98\x1b[01m\x1b[Kvirtual sl_result sl::SlamtecLidarDriver::getFrequency(const sl::LidarScanMode&, const sl_lidar_response_measurement_node_hq_t*, size_t, float&)\x1b[m\x1b[K\xe2\x80\x99:\n'}
[9.219098] (sllidar_ros2) StderrLine: {'line': b'\x1b[01m\x1b[K/home/marlboro/ws_diff_drive/src/sllidar_ros2/sdk/src/sl_lidar_driver.cpp:880:110:\x1b[m\x1b[K \x1b[01;35m\x1b[Kwarning: \x1b[m\x1b[Kunused parameter \xe2\x80\x98\x1b[01m\x1b[Knodes\x1b[m\x1b[K\xe2\x80\x99 [\x1b[01;35m\x1b[K\x1b]8;;https://gcc.gnu.org/onlinedocs/gcc/Warning-Options.html#index-Wunused-parameter\x07-Wunused-parameter\x1b]8;;\x07\x1b[m\x1b[K]\n'}
[9.219392] (sllidar_ros2) StderrLine: {'line': b'  880 |         sl_result getFrequency(const LidarScanMode& scanMode, \x1b[01;35m\x1b[Kconst sl_lidar_response_measurement_node_hq_t* nodes\x1b[m\x1b[K, size_t count, float& frequency)\n'}
[9.219613] (sllidar_ros2) StderrLine: {'line': b'      |                                                               \x1b[01;35m\x1b[K~~~~~~~~~~~~~~~~~~~~~~~~~~~~~~~~~~~~~~~~~~~~~~~^~~~~\x1b[m\x1b[K\n'}
[9.224971] (sllidar_ros2) StderrLine: {'line': b'\x1b[01m\x1b[K/home/marlboro/ws_diff_drive/src/sllidar_ros2/sdk/src/sl_lidar_driver.cpp:\x1b[m\x1b[K In member function \xe2\x80\x98\x1b[01m\x1b[Kvirtual sl_result sl::SlamtecLidarDriver::getMotorInfo(sl::LidarMotorInfo&, sl_u32)\x1b[m\x1b[K\xe2\x80\x99:\n'}
[9.225444] (sllidar_ros2) StderrLine: {'line': b'\x1b[01m\x1b[K/home/marlboro/ws_diff_drive/src/sllidar_ros2/sdk/src/sl_lidar_driver.cpp:1023:66:\x1b[m\x1b[K \x1b[01;35m\x1b[Kwarning: \x1b[m\x1b[Kunused parameter \xe2\x80\x98\x1b[01m\x1b[KtimeoutInMs\x1b[m\x1b[K\xe2\x80\x99 [\x1b[01;35m\x1b[K\x1b]8;;https://gcc.gnu.org/onlinedocs/gcc/Warning-Options.html#index-Wunused-parameter\x07-Wunused-parameter\x1b]8;;\x07\x1b[m\x1b[K]\n'}
[9.225672] (sllidar_ros2) StderrLine: {'line': b' 1023 |         sl_result getMotorInfo(LidarMotorInfo &motorInfo, \x1b[01;35m\x1b[Ksl_u32 timeoutInMs\x1b[m\x1b[K)\n'}
[9.225826] (sllidar_ros2) StderrLine: {'line': b'      |                                                           \x1b[01;35m\x1b[K~~~~~~~^~~~~~~~~~~\x1b[m\x1b[K\n'}
[9.227314] (sllidar_ros2) StderrLine: {'line': b'\x1b[01m\x1b[K/home/marlboro/ws_diff_drive/src/sllidar_ros2/sdk/src/sl_lidar_driver.cpp:\x1b[m\x1b[K In member function \xe2\x80\x98\x1b[01m\x1b[Ku_result sl::SlamtecLidarDriver::getScanModeCount(sl_u16&, sl_u32)\x1b[m\x1b[K\xe2\x80\x99:\n'}
[9.227646] (sllidar_ros2) StderrLine: {'line': b'\x1b[01m\x1b[K/home/marlboro/ws_diff_drive/src/sllidar_ros2/sdk/src/sl_lidar_driver.cpp:1199:61:\x1b[m\x1b[K \x1b[01;35m\x1b[Kwarning: \x1b[m\x1b[Kunused parameter \xe2\x80\x98\x1b[01m\x1b[KtimeoutInMs\x1b[m\x1b[K\xe2\x80\x99 [\x1b[01;35m\x1b[K\x1b]8;;https://gcc.gnu.org/onlinedocs/gcc/Warning-Options.html#index-Wunused-parameter\x07-Wunused-parameter\x1b]8;;\x07\x1b[m\x1b[K]\n'}
[9.227820] (sllidar_ros2) StderrLine: {'line': b' 1199 |         u_result getScanModeCount(sl_u16& modeCount, \x1b[01;35m\x1b[Ksl_u32 timeoutInMs = DEFAULT_TIMEOUT\x1b[m\x1b[K)\n'}
[9.227992] (sllidar_ros2) StderrLine: {'line': b'      |                                                      \x1b[01;35m\x1b[K~~~~~~~^~~~~~~~~~~~~~~~~~~~~~~~~~~~~\x1b[m\x1b[K\n'}
[9.256712] (-) TimerEvent: {}
[9.329345] (sllidar_ros2) StderrLine: {'line': b'/home/marlboro/ws_diff_drive/src/sllidar_ros2/sdk/src/sl_lidar_driver.cpp: In instantiation of \xe2\x80\x98\x1b[01m\x1b[Kvoid sl::RawSampleNodeHolder<T>::pushNode(_u64, const T*) [with T = sl_lidar_response_measurement_node_hq_t; _u64 = long unsigned int]\x1b[m\x1b[K\xe2\x80\x99:\n'}
[9.329864] (sllidar_ros2) StderrLine: {'line': b'\x1b[01m\x1b[K/home/marlboro/ws_diff_drive/src/sllidar_ros2/sdk/src/sl_lidar_driver.cpp:1648:42:\x1b[m\x1b[K   required from here\n'}
[9.330034] (sllidar_ros2) StderrLine: {'line': b'\x1b[01m\x1b[K/home/marlboro/ws_diff_drive/src/sllidar_ros2/sdk/src/sl_lidar_driver.cpp:202:28:\x1b[m\x1b[K \x1b[01;35m\x1b[Kwarning: \x1b[m\x1b[Kunused parameter \xe2\x80\x98\x1b[01m\x1b[Ktimestamp_uS\x1b[m\x1b[K\xe2\x80\x99 [\x1b[01;35m\x1b[K\x1b]8;;https://gcc.gnu.org/onlinedocs/gcc/Warning-Options.html#index-Wunused-parameter\x07-Wunused-parameter\x1b]8;;\x07\x1b[m\x1b[K]\n'}
[9.330188] (sllidar_ros2) StderrLine: {'line': b'  202 |         void pushNode(\x1b[01;35m\x1b[K_u64 timestamp_uS\x1b[m\x1b[K, const T* node)\n'}
[9.330320] (sllidar_ros2) StderrLine: {'line': b'      |                       \x1b[01;35m\x1b[K~~~~~^~~~~~~~~~~~\x1b[m\x1b[K\n'}
[9.357082] (-) TimerEvent: {}
[9.458268] (-) TimerEvent: {}
[9.559114] (-) TimerEvent: {}
[9.602186] (sllidar_ros2) StderrLine: {'line': b'\x1b[01m\x1b[K/home/marlboro/ws_diff_drive/src/sllidar_ros2/sdk/src/sl_lidar_driver.cpp:\x1b[m\x1b[K At global scope:\n'}
[9.602844] (sllidar_ros2) StderrLine: {'line': b'\x1b[01m\x1b[K/home/marlboro/ws_diff_drive/src/sllidar_ros2/sdk/src/sl_lidar_driver.cpp:83:17:\x1b[m\x1b[K \x1b[01;35m\x1b[Kwarning: \x1b[m\x1b[K\xe2\x80\x98\x1b[01m\x1b[Kvoid sl::convert(const sl_lidar_response_measurement_node_hq_t&, sl_lidar_response_measurement_node_t&)\x1b[m\x1b[K\xe2\x80\x99 defined but not used [\x1b[01;35m\x1b[K\x1b]8;;https://gcc.gnu.org/onlinedocs/gcc/Warning-Options.html#index-Wunused-function\x07-Wunused-function\x1b]8;;\x07\x1b[m\x1b[K]\n'}
[9.603081] (sllidar_ros2) StderrLine: {'line': b'   83 |     static void \x1b[01;35m\x1b[Kconvert\x1b[m\x1b[K(const sl_lidar_response_measurement_node_hq_t& from, sl_lidar_response_measurement_node_t& to)\n'}
[9.603243] (sllidar_ros2) StderrLine: {'line': b'      |                 \x1b[01;35m\x1b[K^~~~~~~\x1b[m\x1b[K\n'}
[9.603378] (sllidar_ros2) StderrLine: {'line': b'\x1b[01m\x1b[K/home/marlboro/ws_diff_drive/src/sllidar_ros2/sdk/src/sl_lidar_driver.cpp:75:17:\x1b[m\x1b[K \x1b[01;35m\x1b[Kwarning: \x1b[m\x1b[K\xe2\x80\x98\x1b[01m\x1b[Kvoid sl::convert(const sl_lidar_response_measurement_node_t&, sl_lidar_response_measurement_node_hq_t&)\x1b[m\x1b[K\xe2\x80\x99 defined but not used [\x1b[01;35m\x1b[K\x1b]8;;https://gcc.gnu.org/onlinedocs/gcc/Warning-Options.html#index-Wunused-function\x07-Wunused-function\x1b]8;;\x07\x1b[m\x1b[K]\n'}
[9.603514] (sllidar_ros2) StderrLine: {'line': b'   75 |     static void \x1b[01;35m\x1b[Kconvert\x1b[m\x1b[K(const sl_lidar_response_measurement_node_t& from, sl_lidar_response_measurement_node_hq_t& to)\n'}
[9.603635] (sllidar_ros2) StderrLine: {'line': b'      |                 \x1b[01;35m\x1b[K^~~~~~~\x1b[m\x1b[K\n'}
[9.603749] (sllidar_ros2) StderrLine: {'line': b'\x1b[01m\x1b[K/home/marlboro/ws_diff_drive/src/sllidar_ros2/sdk/src/sl_lidar_driver.cpp:70:17:\x1b[m\x1b[K \x1b[01;35m\x1b[Kwarning: \x1b[m\x1b[K\xe2\x80\x98\x1b[01m\x1b[Kvoid sl::printDeprecationWarn(const char*, const char*)\x1b[m\x1b[K\xe2\x80\x99 defined but not used [\x1b[01;35m\x1b[K\x1b]8;;https://gcc.gnu.org/onlinedocs/gcc/Warning-Options.html#index-Wunused-function\x07-Wunused-function\x1b]8;;\x07\x1b[m\x1b[K]\n'}
[9.603875] (sllidar_ros2) StderrLine: {'line': b'   70 |     static void \x1b[01;35m\x1b[KprintDeprecationWarn\x1b[m\x1b[K(const char* fn, const char* replacement)\n'}
[9.603992] (sllidar_ros2) StderrLine: {'line': b'      |                 \x1b[01;35m\x1b[K^~~~~~~~~~~~~~~~~~~~\x1b[m\x1b[K\n'}
[9.659272] (-) TimerEvent: {}
[9.760123] (-) TimerEvent: {}
[9.861347] (-) TimerEvent: {}
[9.962132] (-) TimerEvent: {}
[10.062792] (-) TimerEvent: {}
[10.163585] (-) TimerEvent: {}
[10.264372] (-) TimerEvent: {}
[10.365308] (-) TimerEvent: {}
[10.466003] (-) TimerEvent: {}
[10.567132] (-) TimerEvent: {}
[10.667962] (-) TimerEvent: {}
[10.698953] (sllidar_ros2) StderrLine: {'line': b'In file included from \x1b[01m\x1b[K/home/marlboro/ws_diff_drive/src/sllidar_ros2/./sdk/include/sl_lidar_cmd.h:41\x1b[m\x1b[K,\n'}
[10.699487] (sllidar_ros2) StderrLine: {'line': b'                 from \x1b[01m\x1b[K/home/marlboro/ws_diff_drive/src/sllidar_ros2/./sdk/include/sl_lidar_driver.h:54\x1b[m\x1b[K,\n'}
[10.699765] (sllidar_ros2) StderrLine: {'line': b'                 from \x1b[01m\x1b[K/home/marlboro/ws_diff_drive/src/sllidar_ros2/./sdk/include/sl_lidar.h:36\x1b[m\x1b[K,\n'}
[10.699910] (sllidar_ros2) StderrLine: {'line': b'                 from \x1b[01m\x1b[K/home/marlboro/ws_diff_drive/src/sllidar_ros2/src/sllidar_node.cpp:38\x1b[m\x1b[K:\n'}
[10.700040] (sllidar_ros2) StderrLine: {'line': b'\x1b[01m\x1b[K/home/marlboro/ws_diff_drive/src/sllidar_ros2/./sdk/include/sl_lidar_protocol.h:66:16:\x1b[m\x1b[K \x1b[01;35m\x1b[Kwarning: \x1b[m\x1b[KISO C++ forbids zero-size array \xe2\x80\x98\x1b[01m\x1b[Kdata\x1b[m\x1b[K\xe2\x80\x99 [\x1b[01;35m\x1b[K\x1b]8;;https://gcc.gnu.org/onlinedocs/gcc/Warning-Options.html#index-Wpedantic\x07-Wpedantic\x1b]8;;\x07\x1b[m\x1b[K]\n'}
[10.700176] (sllidar_ros2) StderrLine: {'line': b'   66 |     sl_u8 data[\x1b[01;35m\x1b[K0\x1b[m\x1b[K];\n'}
[10.700297] (sllidar_ros2) StderrLine: {'line': b'      |                \x1b[01;35m\x1b[K^\x1b[m\x1b[K\n'}
[10.700413] (sllidar_ros2) StderrLine: {'line': b'In file included from \x1b[01m\x1b[K/home/marlboro/ws_diff_drive/src/sllidar_ros2/./sdk/include/sl_lidar_driver.h:54\x1b[m\x1b[K,\n'}
[10.700527] (sllidar_ros2) StderrLine: {'line': b'                 from \x1b[01m\x1b[K/home/marlboro/ws_diff_drive/src/sllidar_ros2/./sdk/include/sl_lidar.h:36\x1b[m\x1b[K,\n'}
[10.700637] (sllidar_ros2) StderrLine: {'line': b'                 from \x1b[01m\x1b[K/home/marlboro/ws_diff_drive/src/sllidar_ros2/src/sllidar_node.cpp:38\x1b[m\x1b[K:\n'}
[10.700747] (sllidar_ros2) StderrLine: {'line': b'\x1b[01m\x1b[K/home/marlboro/ws_diff_drive/src/sllidar_ros2/./sdk/include/sl_lidar_cmd.h:324:20:\x1b[m\x1b[K \x1b[01;35m\x1b[Kwarning: \x1b[m\x1b[KISO C++ forbids zero-size array \xe2\x80\x98\x1b[01m\x1b[Kpayload\x1b[m\x1b[K\xe2\x80\x99 [\x1b[01;35m\x1b[K\x1b]8;;https://gcc.gnu.org/onlinedocs/gcc/Warning-Options.html#index-Wpedantic\x07-Wpedantic\x1b]8;;\x07\x1b[m\x1b[K]\n'}
[10.700885] (sllidar_ros2) StderrLine: {'line': b'  324 |     sl_u8  payload[\x1b[01;35m\x1b[K0\x1b[m\x1b[K];\n'}
[10.700997] (sllidar_ros2) StderrLine: {'line': b'      |                    \x1b[01;35m\x1b[K^\x1b[m\x1b[K\n'}
[10.768130] (-) TimerEvent: {}
[10.868843] (-) TimerEvent: {}
[10.969502] (-) TimerEvent: {}
[11.070213] (-) TimerEvent: {}
[11.170897] (-) TimerEvent: {}
[11.271580] (-) TimerEvent: {}
[11.372313] (-) TimerEvent: {}
[11.473024] (-) TimerEvent: {}
[11.573739] (-) TimerEvent: {}
[11.674511] (-) TimerEvent: {}
[11.775239] (-) TimerEvent: {}
[11.875953] (-) TimerEvent: {}
[11.976646] (-) TimerEvent: {}
[12.077342] (-) TimerEvent: {}
[12.178041] (-) TimerEvent: {}
[12.279234] (-) TimerEvent: {}
[12.380436] (-) TimerEvent: {}
[12.481133] (-) TimerEvent: {}
[12.581811] (-) TimerEvent: {}
[12.682517] (-) TimerEvent: {}
[12.783266] (-) TimerEvent: {}
[12.883964] (-) TimerEvent: {}
[12.984676] (-) TimerEvent: {}
[13.085345] (-) TimerEvent: {}
[13.186036] (-) TimerEvent: {}
[13.286819] (-) TimerEvent: {}
[13.387540] (-) TimerEvent: {}
[13.488254] (-) TimerEvent: {}
[13.588971] (-) TimerEvent: {}
[13.689681] (-) TimerEvent: {}
[13.790380] (-) TimerEvent: {}
[13.891111] (-) TimerEvent: {}
[13.992301] (-) TimerEvent: {}
[14.093470] (-) TimerEvent: {}
[14.194644] (-) TimerEvent: {}
[14.295376] (-) TimerEvent: {}
[14.396042] (-) TimerEvent: {}
[14.496781] (-) TimerEvent: {}
[14.597441] (-) TimerEvent: {}
[14.698113] (-) TimerEvent: {}
[14.798859] (-) TimerEvent: {}
[14.899527] (-) TimerEvent: {}
[15.000229] (-) TimerEvent: {}
[15.100905] (-) TimerEvent: {}
[15.201605] (-) TimerEvent: {}
[15.302304] (-) TimerEvent: {}
[15.403036] (-) TimerEvent: {}
[15.503700] (-) TimerEvent: {}
[15.604407] (-) TimerEvent: {}
[15.705112] (-) TimerEvent: {}
[15.805805] (-) TimerEvent: {}
[15.906474] (-) TimerEvent: {}
[16.007219] (-) TimerEvent: {}
[16.107884] (-) TimerEvent: {}
[16.208551] (-) TimerEvent: {}
[16.309739] (-) TimerEvent: {}
[16.411718] (-) TimerEvent: {}
[16.512361] (-) TimerEvent: {}
[16.612999] (-) TimerEvent: {}
[16.713660] (-) TimerEvent: {}
[16.814327] (-) TimerEvent: {}
[16.914987] (-) TimerEvent: {}
[17.015666] (-) TimerEvent: {}
[17.072266] (sllidar_ros2) StdoutLine: {'line': b'[ 95%] \x1b[32m\x1b[1mLinking CXX executable sllidar_node\x1b[0m\n'}
[17.115856] (-) TimerEvent: {}
[17.216814] (-) TimerEvent: {}
[17.317912] (-) TimerEvent: {}
[17.418591] (-) TimerEvent: {}
[17.519416] (-) TimerEvent: {}
[17.620244] (-) TimerEvent: {}
[17.714739] (sllidar_ros2) StdoutLine: {'line': b'[ 95%] Built target sllidar_node\n'}
[17.720401] (-) TimerEvent: {}
[17.821065] (-) TimerEvent: {}
[17.921849] (-) TimerEvent: {}
[18.022620] (-) TimerEvent: {}
[18.123306] (-) TimerEvent: {}
[18.224114] (-) TimerEvent: {}
[18.324924] (-) TimerEvent: {}
[18.425752] (-) TimerEvent: {}
[18.526577] (-) TimerEvent: {}
[18.627308] (-) TimerEvent: {}
[18.728075] (-) TimerEvent: {}
[18.828814] (-) TimerEvent: {}
[18.929579] (-) TimerEvent: {}
[19.030400] (-) TimerEvent: {}
[19.131332] (-) TimerEvent: {}
[19.232096] (-) TimerEvent: {}
[19.332841] (-) TimerEvent: {}
[19.433520] (-) TimerEvent: {}
[19.534330] (-) TimerEvent: {}
[19.635130] (-) TimerEvent: {}
[19.735801] (-) TimerEvent: {}
[19.836602] (-) TimerEvent: {}
[19.937396] (-) TimerEvent: {}
[20.038178] (-) TimerEvent: {}
[20.139017] (-) TimerEvent: {}
[20.239843] (-) TimerEvent: {}
[20.340538] (-) TimerEvent: {}
[20.441371] (-) TimerEvent: {}
[20.542095] (-) TimerEvent: {}
[20.642891] (-) TimerEvent: {}
[20.743683] (-) TimerEvent: {}
[20.844491] (-) TimerEvent: {}
[20.945301] (-) TimerEvent: {}
[21.046107] (-) TimerEvent: {}
[21.146788] (-) TimerEvent: {}
[21.247456] (-) TimerEvent: {}
[21.348254] (-) TimerEvent: {}
[21.449038] (-) TimerEvent: {}
[21.549855] (-) TimerEvent: {}
[21.650676] (-) TimerEvent: {}
[21.751418] (-) TimerEvent: {}
[21.852217] (-) TimerEvent: {}
[21.952919] (-) TimerEvent: {}
[22.053658] (-) TimerEvent: {}
[22.154333] (-) TimerEvent: {}
[22.255133] (-) TimerEvent: {}
[22.355926] (-) TimerEvent: {}
[22.456607] (-) TimerEvent: {}
[22.557286] (-) TimerEvent: {}
[22.657974] (-) TimerEvent: {}
[22.758848] (-) TimerEvent: {}
[22.859740] (-) TimerEvent: {}
[22.901908] (sllidar_ros2) StdoutLine: {'line': b'[100%] \x1b[32m\x1b[1mLinking CXX executable sllidar_client\x1b[0m\n'}
[22.959907] (-) TimerEvent: {}
[23.060617] (-) TimerEvent: {}
[23.161396] (-) TimerEvent: {}
[23.262191] (-) TimerEvent: {}
[23.375654] (-) TimerEvent: {}
[23.476491] (-) TimerEvent: {}
[23.577343] (-) TimerEvent: {}
[23.678349] (-) TimerEvent: {}
[23.743350] (sllidar_ros2) StdoutLine: {'line': b'[100%] Built target sllidar_client\n'}
[23.774158] (sllidar_ros2) CommandEnded: {'returncode': 0}
[23.776731] (sllidar_ros2) JobProgress: {'identifier': 'sllidar_ros2', 'progress': 'install'}
[23.778432] (-) TimerEvent: {}
[23.799425] (sllidar_ros2) Command: {'cmd': ['/usr/bin/cmake', '--install', '/home/marlboro/ws_diff_drive/build/sllidar_ros2'], 'cwd': '/home/marlboro/ws_diff_drive/build/sllidar_ros2', 'env': OrderedDict([('LESSOPEN', '| /usr/bin/lesspipe %s'), ('USER', 'marlboro'), ('SSH_CLIENT', '192.168.0.81 58210 22'), ('XDG_SESSION_TYPE', 'tty'), ('GIT_ASKPASS', '/home/marlboro/.vscode-server/cli/servers/Stable-7d842fb85a0275a4a8e4d7e040d2625abbf7f084/server/extensions/git/dist/askpass.sh'), ('SHLVL', '2'), ('LD_LIBRARY_PATH', '/opt/ros/humble/opt/rviz_ogre_vendor/lib:/opt/ros/humble/lib/aarch64-linux-gnu:/opt/ros/humble/lib:/usr/local/cuda-12.6/lib64:/usr/local/cuda-12.6/lib64:'), ('BROWSER', '/home/marlboro/.vscode-server/cli/servers/Stable-7d842fb85a0275a4a8e4d7e040d2625abbf7f084/server/bin/helpers/browser.sh'), ('MOTD_SHOWN', 'pam'), ('HOME', '/home/marlboro'), ('OLDPWD', '/home/marlboro/ws_diff_drive'), ('TERM_PROGRAM_VERSION', '1.105.1'), ('VSCODE_IPC_HOOK_CLI', '/run/user/1000/vscode-ipc-c63a3b52-51b2-43a8-bbb7-8ebae25fa0a2.sock'), ('JETSON_L4T', '36.4.4'), ('ROS_PYTHON_VERSION', '3'), ('JETSON_MODEL', 'NVIDIA Jetson Orin Nano Engineering Reference Developer Kit Super'), ('VSCODE_GIT_ASKPASS_MAIN', '/home/marlboro/.vscode-server/cli/servers/Stable-7d842fb85a0275a4a8e4d7e040d2625abbf7f084/server/extensions/git/dist/askpass-main.js'), ('VSCODE_GIT_ASKPASS_NODE', '/home/marlboro/.vscode-server/cli/servers/Stable-7d842fb85a0275a4a8e4d7e040d2625abbf7f084/server/node'), ('SSL_CERT_FILE', '/usr/lib/ssl/certs/ca-certificates.crt'), ('VSCODE_PYTHON_AUTOACTIVATE_GUARD', '1'), ('DBUS_SESSION_BUS_ADDRESS', 'unix:path=/run/user/1000/bus'), ('COLORTERM', 'truecolor'), ('COLCON_PREFIX_PATH', '/home/marlboro/ws_diff_drive/install'), ('ROS_DISTRO', 'humble'), ('LOGNAME', 'marlboro'), ('JETSON_MODULE', 'NVIDIA Jetson Orin Nano (Developer kit)'), ('JETSON_SERIAL_NUMBER', '1421323037359'), ('_', '/usr/bin/colcon'), ('ROS_VERSION', '2'), ('XDG_SESSION_CLASS', 'user'), ('TERM', 'xterm-256color'), ('XDG_SESSION_ID', '4'), ('ROS_LOCALHOST_ONLY', '0'), ('PATH', '/opt/ros/humble/bin:/usr/local/cuda-12.6/bin:/home/marlboro/.vscode-server/cli/servers/Stable-7d842fb85a0275a4a8e4d7e040d2625abbf7f084/server/bin/remote-cli:/usr/local/cuda-12.6/bin:/usr/local/sbin:/usr/local/bin:/usr/sbin:/usr/bin:/sbin:/bin:/usr/games:/usr/local/games:/snap/bin:/home/marlboro/.vscode-server/data/User/globalStorage/github.copilot-chat/debugCommand'), ('XDG_RUNTIME_DIR', '/run/user/1000'), ('SSL_CERT_DIR', '/usr/lib/ssl/certs'), ('LANG', 'en_US.UTF-8'), ('LS_COLORS', 'rs=0:di=01;34:ln=01;36:mh=00:pi=40;33:so=01;35:do=01;35:bd=40;33;01:cd=40;33;01:or=40;31;01:mi=00:su=37;41:sg=30;43:ca=30;41:tw=30;42:ow=34;42:st=37;44:ex=01;32:*.tar=01;31:*.tgz=01;31:*.arc=01;31:*.arj=01;31:*.taz=01;31:*.lha=01;31:*.lz4=01;31:*.lzh=01;31:*.lzma=01;31:*.tlz=01;31:*.txz=01;31:*.tzo=01;31:*.t7z=01;31:*.zip=01;31:*.z=01;31:*.dz=01;31:*.gz=01;31:*.lrz=01;31:*.lz=01;31:*.lzo=01;31:*.xz=01;31:*.zst=01;31:*.tzst=01;31:*.bz2=01;31:*.bz=01;31:*.tbz=01;31:*.tbz2=01;31:*.tz=01;31:*.deb=01;31:*.rpm=01;31:*.jar=01;31:*.war=01;31:*.ear=01;31:*.sar=01;31:*.rar=01;31:*.alz=01;31:*.ace=01;31:*.zoo=01;31:*.cpio=01;31:*.7z=01;31:*.rz=01;31:*.cab=01;31:*.wim=01;31:*.swm=01;31:*.dwm=01;31:*.esd=01;31:*.jpg=01;35:*.jpeg=01;35:*.mjpg=01;35:*.mjpeg=01;35:*.gif=01;35:*.bmp=01;35:*.pbm=01;35:*.pgm=01;35:*.ppm=01;35:*.tga=01;35:*.xbm=01;35:*.xpm=01;35:*.tif=01;35:*.tiff=01;35:*.png=01;35:*.svg=01;35:*.svgz=01;35:*.mng=01;35:*.pcx=01;35:*.mov=01;35:*.mpg=01;35:*.mpeg=01;35:*.m2v=01;35:*.mkv=01;35:*.webm=01;35:*.webp=01;35:*.ogm=01;35:*.mp4=01;35:*.m4v=01;35:*.mp4v=01;35:*.vob=01;35:*.qt=01;35:*.nuv=01;35:*.wmv=01;35:*.asf=01;35:*.rm=01;35:*.rmvb=01;35:*.flc=01;35:*.avi=01;35:*.fli=01;35:*.flv=01;35:*.gl=01;35:*.dl=01;35:*.xcf=01;35:*.xwd=01;35:*.yuv=01;35:*.cgm=01;35:*.emf=01;35:*.ogv=01;35:*.ogx=01;35:*.aac=00;36:*.au=00;36:*.flac=00;36:*.m4a=00;36:*.mid=00;36:*.midi=00;36:*.mka=00;36:*.mp3=00;36:*.mpc=00;36:*.ogg=00;36:*.ra=00;36:*.wav=00;36:*.oga=00;36:*.opus=00;36:*.spx=00;36:*.xspf=00;36:'), ('JETSON_SOC', 'tegra234'), ('VSCODE_GIT_IPC_HANDLE', '/run/user/1000/vscode-git-83e1a1b476.sock'), ('TERM_PROGRAM', 'vscode'), ('ROS_DOMAIN_ID', '0'), ('AMENT_PREFIX_PATH', '/home/marlboro/ws_diff_drive/install/sllidar_ros2:/home/marlboro/ws_diff_drive/install/diff_drive_fusion:/opt/ros/humble'), ('SHELL', '/bin/bash'), ('LESSCLOSE', '/usr/bin/lesspipe %s %s'), ('VSCODE_GIT_ASKPASS_EXTRA_ARGS', ''), ('JETSON_CUDA_ARCH_BIN', '8.7'), ('PWD', '/home/marlboro/ws_diff_drive/build/sllidar_ros2'), ('LC_ALL', 'en_US.UTF-8'), ('SSH_CONNECTION', '192.168.0.81 58210 192.168.0.102 22'), ('XDG_DATA_DIRS', '/usr/share/gnome:/usr/local/share:/usr/share:/var/lib/snapd/desktop'), ('PYTHONPATH', '/home/marlboro/ws_diff_drive/build/diff_drive_fusion:/home/marlboro/ws_diff_drive/install/diff_drive_fusion/lib/python3.10/site-packages:/opt/ros/humble/lib/python3.10/site-packages:/opt/ros/humble/local/lib/python3.10/dist-packages'), ('COLCON', '1'), ('JETSON_JETPACK', '6.2.1'), ('CMAKE_PREFIX_PATH', '/home/marlboro/ws_diff_drive/install/sllidar_ros2:/home/marlboro/ws_diff_drive/install/diff_drive_fusion:/opt/ros/humble'), ('JETSON_P_NUMBER', 'p3767-0005')]), 'shell': False}
[23.816594] (sllidar_ros2) StdoutLine: {'line': b'-- Install configuration: ""\n'}
[23.818113] (sllidar_ros2) StdoutLine: {'line': b'-- Execute custom install script\n'}
[23.819108] (sllidar_ros2) StdoutLine: {'line': b'-- Symlinking: /home/marlboro/ws_diff_drive/install/sllidar_ros2/share/sllidar_ros2/launch/sllidar_a1_launch.py\n'}
[23.839324] (sllidar_ros2) StdoutLine: {'line': b'-- Symlinking: /home/marlboro/ws_diff_drive/install/sllidar_ros2/share/sllidar_ros2/launch/sllidar_a2m12_launch .py\n'}
[23.856774] (sllidar_ros2) StdoutLine: {'line': b'-- Symlinking: /home/marlboro/ws_diff_drive/install/sllidar_ros2/share/sllidar_ros2/launch/sllidar_a2m7_launch.py\n'}
[23.875664] (sllidar_ros2) StdoutLine: {'line': b'-- Symlinking: /home/marlboro/ws_diff_drive/install/sllidar_ros2/share/sllidar_ros2/launch/sllidar_a2m8_launch.py\n'}
[23.878576] (-) TimerEvent: {}
[23.897246] (sllidar_ros2) StdoutLine: {'line': b'-- Symlinking: /home/marlboro/ws_diff_drive/install/sllidar_ros2/share/sllidar_ros2/launch/sllidar_a3_launch.py\n'}
[23.916382] (sllidar_ros2) StdoutLine: {'line': b'-- Symlinking: /home/marlboro/ws_diff_drive/install/sllidar_ros2/share/sllidar_ros2/launch/sllidar_c1_launch.py\n'}
[23.937157] (sllidar_ros2) StdoutLine: {'line': b'-- Symlinking: /home/marlboro/ws_diff_drive/install/sllidar_ros2/share/sllidar_ros2/launch/sllidar_s1_launch.py\n'}
[23.958648] (sllidar_ros2) StdoutLine: {'line': b'-- Symlinking: /home/marlboro/ws_diff_drive/install/sllidar_ros2/share/sllidar_ros2/launch/sllidar_s1_tcp_launch.py\n'}
[23.978794] (-) TimerEvent: {}
[23.981067] (sllidar_ros2) StdoutLine: {'line': b'-- Symlinking: /home/marlboro/ws_diff_drive/install/sllidar_ros2/share/sllidar_ros2/launch/sllidar_s2_launch.py\n'}
[24.002788] (sllidar_ros2) StdoutLine: {'line': b'-- Symlinking: /home/marlboro/ws_diff_drive/install/sllidar_ros2/share/sllidar_ros2/launch/sllidar_s2e_launch.py\n'}
[24.024431] (sllidar_ros2) StdoutLine: {'line': b'-- Symlinking: /home/marlboro/ws_diff_drive/install/sllidar_ros2/share/sllidar_ros2/launch/sllidar_s3_launch.py\n'}
[24.044791] (sllidar_ros2) StdoutLine: {'line': b'-- Symlinking: /home/marlboro/ws_diff_drive/install/sllidar_ros2/share/sllidar_ros2/launch/sllidar_t1_launch.py\n'}
[24.069065] (sllidar_ros2) StdoutLine: {'line': b'-- Symlinking: /home/marlboro/ws_diff_drive/install/sllidar_ros2/share/sllidar_ros2/launch/view_sllidar_a1_launch.py\n'}
[24.078937] (-) TimerEvent: {}
[24.088166] (sllidar_ros2) StdoutLine: {'line': b'-- Symlinking: /home/marlboro/ws_diff_drive/install/sllidar_ros2/share/sllidar_ros2/launch/view_sllidar_a2m12_launch.py\n'}
[24.106612] (sllidar_ros2) StdoutLine: {'line': b'-- Symlinking: /home/marlboro/ws_diff_drive/install/sllidar_ros2/share/sllidar_ros2/launch/view_sllidar_a2m7_launch.py\n'}
[24.126579] (sllidar_ros2) StdoutLine: {'line': b'-- Symlinking: /home/marlboro/ws_diff_drive/install/sllidar_ros2/share/sllidar_ros2/launch/view_sllidar_a2m8_launch.py\n'}
[24.145389] (sllidar_ros2) StdoutLine: {'line': b'-- Symlinking: /home/marlboro/ws_diff_drive/install/sllidar_ros2/share/sllidar_ros2/launch/view_sllidar_a3_launch.py\n'}
[24.164343] (sllidar_ros2) StdoutLine: {'line': b'-- Symlinking: /home/marlboro/ws_diff_drive/install/sllidar_ros2/share/sllidar_ros2/launch/view_sllidar_c1_launch.py\n'}
[24.179504] (-) TimerEvent: {}
[24.184316] (sllidar_ros2) StdoutLine: {'line': b'-- Symlinking: /home/marlboro/ws_diff_drive/install/sllidar_ros2/share/sllidar_ros2/launch/view_sllidar_s1_launch.py\n'}
[24.206531] (sllidar_ros2) StdoutLine: {'line': b'-- Symlinking: /home/marlboro/ws_diff_drive/install/sllidar_ros2/share/sllidar_ros2/launch/view_sllidar_s1_tcp_launch.py\n'}
[24.231382] (sllidar_ros2) StdoutLine: {'line': b'-- Symlinking: /home/marlboro/ws_diff_drive/install/sllidar_ros2/share/sllidar_ros2/launch/view_sllidar_s2_launch.py\n'}
[24.251083] (sllidar_ros2) StdoutLine: {'line': b'-- Symlinking: /home/marlboro/ws_diff_drive/install/sllidar_ros2/share/sllidar_ros2/launch/view_sllidar_s2e_launch.py\n'}
[24.270251] (sllidar_ros2) StdoutLine: {'line': b'-- Symlinking: /home/marlboro/ws_diff_drive/install/sllidar_ros2/share/sllidar_ros2/launch/view_sllidar_s3_launch.py\n'}
[24.279632] (-) TimerEvent: {}
[24.288688] (sllidar_ros2) StdoutLine: {'line': b'-- Symlinking: /home/marlboro/ws_diff_drive/install/sllidar_ros2/share/sllidar_ros2/launch/view_sllidar_t1_launch.py\n'}
[24.309875] (sllidar_ros2) StdoutLine: {'line': b'-- Symlinking: /home/marlboro/ws_diff_drive/install/sllidar_ros2/share/sllidar_ros2/rviz/sllidar_ros2.rviz\n'}
[24.330697] (sllidar_ros2) StdoutLine: {'line': b'-- Symlinking: /home/marlboro/ws_diff_drive/install/sllidar_ros2/lib/sllidar_ros2/sllidar_node\n'}
[24.350218] (sllidar_ros2) StdoutLine: {'line': b'-- Symlinking: /home/marlboro/ws_diff_drive/install/sllidar_ros2/lib/sllidar_ros2/sllidar_client\n'}
[24.369997] (sllidar_ros2) StdoutLine: {'line': b'-- Symlinking: /home/marlboro/ws_diff_drive/install/sllidar_ros2/share/ament_index/resource_index/package_run_dependencies/sllidar_ros2\n'}
[24.379812] (-) TimerEvent: {}
[24.390362] (sllidar_ros2) StdoutLine: {'line': b'-- Symlinking: /home/marlboro/ws_diff_drive/install/sllidar_ros2/share/ament_index/resource_index/parent_prefix_path/sllidar_ros2\n'}
[24.409358] (sllidar_ros2) StdoutLine: {'line': b'-- Symlinking: /home/marlboro/ws_diff_drive/install/sllidar_ros2/share/sllidar_ros2/environment/ament_prefix_path.sh\n'}
[24.428919] (sllidar_ros2) StdoutLine: {'line': b'-- Symlinking: /home/marlboro/ws_diff_drive/install/sllidar_ros2/share/sllidar_ros2/environment/ament_prefix_path.dsv\n'}
[24.448989] (sllidar_ros2) StdoutLine: {'line': b'-- Symlinking: /home/marlboro/ws_diff_drive/install/sllidar_ros2/share/sllidar_ros2/environment/path.sh\n'}
[24.468125] (sllidar_ros2) StdoutLine: {'line': b'-- Symlinking: /home/marlboro/ws_diff_drive/install/sllidar_ros2/share/sllidar_ros2/environment/path.dsv\n'}
[24.479979] (-) TimerEvent: {}
[24.489793] (sllidar_ros2) StdoutLine: {'line': b'-- Symlinking: /home/marlboro/ws_diff_drive/install/sllidar_ros2/share/sllidar_ros2/local_setup.bash\n'}
[24.509595] (sllidar_ros2) StdoutLine: {'line': b'-- Symlinking: /home/marlboro/ws_diff_drive/install/sllidar_ros2/share/sllidar_ros2/local_setup.sh\n'}
[24.529792] (sllidar_ros2) StdoutLine: {'line': b'-- Symlinking: /home/marlboro/ws_diff_drive/install/sllidar_ros2/share/sllidar_ros2/local_setup.zsh\n'}
[24.550003] (sllidar_ros2) StdoutLine: {'line': b'-- Symlinking: /home/marlboro/ws_diff_drive/install/sllidar_ros2/share/sllidar_ros2/local_setup.dsv\n'}
[24.569283] (sllidar_ros2) StdoutLine: {'line': b'-- Symlinking: /home/marlboro/ws_diff_drive/install/sllidar_ros2/share/sllidar_ros2/package.dsv\n'}
[24.580154] (-) TimerEvent: {}
[24.591336] (sllidar_ros2) StdoutLine: {'line': b'-- Symlinking: /home/marlboro/ws_diff_drive/install/sllidar_ros2/share/ament_index/resource_index/packages/sllidar_ros2\n'}
[24.612744] (sllidar_ros2) StdoutLine: {'line': b'-- Symlinking: /home/marlboro/ws_diff_drive/install/sllidar_ros2/share/sllidar_ros2/cmake/ament_cmake_export_dependencies-extras.cmake\n'}
[24.632077] (sllidar_ros2) StdoutLine: {'line': b'-- Symlinking: /home/marlboro/ws_diff_drive/install/sllidar_ros2/share/sllidar_ros2/cmake/ament_cmake_export_include_directories-extras.cmake\n'}
[24.651613] (sllidar_ros2) StdoutLine: {'line': b'-- Symlinking: /home/marlboro/ws_diff_drive/install/sllidar_ros2/share/sllidar_ros2/cmake/sllidar_ros2Config.cmake\n'}
[24.670166] (sllidar_ros2) StdoutLine: {'line': b'-- Symlinking: /home/marlboro/ws_diff_drive/install/sllidar_ros2/share/sllidar_ros2/cmake/sllidar_ros2Config-version.cmake\n'}
[24.680255] (-) TimerEvent: {}
[24.688717] (sllidar_ros2) StdoutLine: {'line': b'-- Symlinking: /home/marlboro/ws_diff_drive/install/sllidar_ros2/share/sllidar_ros2/package.xml\n'}
[24.715795] (sllidar_ros2) CommandEnded: {'returncode': 0}
[24.764348] (sllidar_ros2) JobEnded: {'identifier': 'sllidar_ros2', 'rc': 0}
[24.770439] (-) EventReactorShutdown: {}
